commit_sha,tarball_url,zipball_url,name,commit_url,
ccca4e24975aef6df36c21570e0819ea0909cc90,https://api.github.com/repos/atom/atom/tarball/v1.17.0-beta4,https://api.github.com/repos/atom/atom/zipball/v1.17.0-beta4,v1.17.0-beta4,https://api.github.com/repos/atom/atom/commits/ccca4e24975aef6df36c21570e0819ea0909cc90,
4aaff4ca03ecf694fec636a3309665341dc76ee0,https://api.github.com/repos/atom/atom/tarball/v1.17.0-beta3,https://api.github.com/repos/atom/atom/zipball/v1.17.0-beta3,v1.17.0-beta3,https://api.github.com/repos/atom/atom/commits/4aaff4ca03ecf694fec636a3309665341dc76ee0,
da0db84e50e62435362d1f2047dc022982337ec6,https://api.github.com/repos/atom/atom/tarball/v1.17.0-beta2,https://api.github.com/repos/atom/atom/zipball/v1.17.0-beta2,v1.17.0-beta2,https://api.github.com/repos/atom/atom/commits/da0db84e50e62435362d1f2047dc022982337ec6,
f76846366298f31a6c1f6587ea0d6e78c823f036,https://api.github.com/repos/atom/atom/tarball/v1.17.0-beta1,https://api.github.com/repos/atom/atom/zipball/v1.17.0-beta1,v1.17.0-beta1,https://api.github.com/repos/atom/atom/commits/f76846366298f31a6c1f6587ea0d6e78c823f036,
50f7d88107323ae7a29ce35d37602dd7dc5f4754,https://api.github.com/repos/atom/atom/tarball/v1.17.0-beta0,https://api.github.com/repos/atom/atom/zipball/v1.17.0-beta0,v1.17.0-beta0,https://api.github.com/repos/atom/atom/commits/50f7d88107323ae7a29ce35d37602dd7dc5f4754,
b87f652841ec54aa1840e9a18b0a4001fdc018fc,https://api.github.com/repos/atom/atom/tarball/v1.16.0,https://api.github.com/repos/atom/atom/zipball/v1.16.0,v1.16.0,https://api.github.com/repos/atom/atom/commits/b87f652841ec54aa1840e9a18b0a4001fdc018fc,
aaa9f1736077c8df1ee173d8f6009bb1f40ddb07,https://api.github.com/repos/atom/atom/tarball/v1.16.0-beta0,https://api.github.com/repos/atom/atom/zipball/v1.16.0-beta0,v1.16.0-beta0,https://api.github.com/repos/atom/atom/commits/aaa9f1736077c8df1ee173d8f6009bb1f40ddb07,
3e457f3375b519fc0a78f593c3b96eb0e337b227,https://api.github.com/repos/atom/atom/tarball/v1.15.0,https://api.github.com/repos/atom/atom/zipball/v1.15.0,v1.15.0,https://api.github.com/repos/atom/atom/commits/3e457f3375b519fc0a78f593c3b96eb0e337b227,
34e098c6ebb6f2eec40fe55c4940c213347dc56c,https://api.github.com/repos/atom/atom/tarball/v1.15.0-beta4,https://api.github.com/repos/atom/atom/zipball/v1.15.0-beta4,v1.15.0-beta4,https://api.github.com/repos/atom/atom/commits/34e098c6ebb6f2eec40fe55c4940c213347dc56c,
570aa596cf4188511ca578d45a40574e4be27b52,https://api.github.com/repos/atom/atom/tarball/v1.15.0-beta3,https://api.github.com/repos/atom/atom/zipball/v1.15.0-beta3,v1.15.0-beta3,https://api.github.com/repos/atom/atom/commits/570aa596cf4188511ca578d45a40574e4be27b52,
82f27b45500077b826fd59c4ec7c47c8a457f319,https://api.github.com/repos/atom/atom/tarball/v1.15.0-beta2,https://api.github.com/repos/atom/atom/zipball/v1.15.0-beta2,v1.15.0-beta2,https://api.github.com/repos/atom/atom/commits/82f27b45500077b826fd59c4ec7c47c8a457f319,
6fd4e729ee82653305319aa4f6a1e1d63e29be1a,https://api.github.com/repos/atom/atom/tarball/v1.15.0-beta1,https://api.github.com/repos/atom/atom/zipball/v1.15.0-beta1,v1.15.0-beta1,https://api.github.com/repos/atom/atom/commits/6fd4e729ee82653305319aa4f6a1e1d63e29be1a,
516a9eda81181f278be1b9e71cd4f7c598bf04b9,https://api.github.com/repos/atom/atom/tarball/v1.15.0-beta0,https://api.github.com/repos/atom/atom/zipball/v1.15.0-beta0,v1.15.0-beta0,https://api.github.com/repos/atom/atom/commits/516a9eda81181f278be1b9e71cd4f7c598bf04b9,
4a165e239388058bf9c77cfb432dd734211a7997,https://api.github.com/repos/atom/atom/tarball/v1.14.4,https://api.github.com/repos/atom/atom/zipball/v1.14.4,v1.14.4,https://api.github.com/repos/atom/atom/commits/4a165e239388058bf9c77cfb432dd734211a7997,
0fe0205d503db815b5b1251d3174c63545f20207,https://api.github.com/repos/atom/atom/tarball/v1.14.3,https://api.github.com/repos/atom/atom/zipball/v1.14.3,v1.14.3,https://api.github.com/repos/atom/atom/commits/0fe0205d503db815b5b1251d3174c63545f20207,
dc92a4ed9c1c5645ffbe400e5e97ec2ec315258b,https://api.github.com/repos/atom/atom/tarball/v1.14.2,https://api.github.com/repos/atom/atom/zipball/v1.14.2,v1.14.2,https://api.github.com/repos/atom/atom/commits/dc92a4ed9c1c5645ffbe400e5e97ec2ec315258b,
a49cd5975b887b4bd51677aac067ec72e8ecb221,https://api.github.com/repos/atom/atom/tarball/v1.14.1,https://api.github.com/repos/atom/atom/zipball/v1.14.1,v1.14.1,https://api.github.com/repos/atom/atom/commits/a49cd5975b887b4bd51677aac067ec72e8ecb221,
e1fe9eae19fb893b531556de47c8b3d88cec1dc6,https://api.github.com/repos/atom/atom/tarball/v1.14.0,https://api.github.com/repos/atom/atom/zipball/v1.14.0,v1.14.0,https://api.github.com/repos/atom/atom/commits/e1fe9eae19fb893b531556de47c8b3d88cec1dc6,
ed7428047daa00722a5bcc52909e5458f7ced7d4,https://api.github.com/repos/atom/atom/tarball/v1.14.0-beta4,https://api.github.com/repos/atom/atom/zipball/v1.14.0-beta4,v1.14.0-beta4,https://api.github.com/repos/atom/atom/commits/ed7428047daa00722a5bcc52909e5458f7ced7d4,
a744833e8961a2939bbd3c7a03c510e2a40d78b3,https://api.github.com/repos/atom/atom/tarball/v1.14.0-beta3,https://api.github.com/repos/atom/atom/zipball/v1.14.0-beta3,v1.14.0-beta3,https://api.github.com/repos/atom/atom/commits/a744833e8961a2939bbd3c7a03c510e2a40d78b3,
fa70b3b118c1ec2a08c1d2f8101ad1aab470b895,https://api.github.com/repos/atom/atom/tarball/v1.14.0-beta2,https://api.github.com/repos/atom/atom/zipball/v1.14.0-beta2,v1.14.0-beta2,https://api.github.com/repos/atom/atom/commits/fa70b3b118c1ec2a08c1d2f8101ad1aab470b895,
845b9fda05ade07cc70d69684ba9b4efab20457f,https://api.github.com/repos/atom/atom/tarball/v1.14.0-beta1,https://api.github.com/repos/atom/atom/zipball/v1.14.0-beta1,v1.14.0-beta1,https://api.github.com/repos/atom/atom/commits/845b9fda05ade07cc70d69684ba9b4efab20457f,
2bb4613470698601b26de6afc9643c98a81f0183,https://api.github.com/repos/atom/atom/tarball/v1.14.0-beta0,https://api.github.com/repos/atom/atom/zipball/v1.14.0-beta0,v1.14.0-beta0,https://api.github.com/repos/atom/atom/commits/2bb4613470698601b26de6afc9643c98a81f0183,
3124f4861509cded2c446f5b07f2d423468c8fcf,https://api.github.com/repos/atom/atom/tarball/v1.13.1,https://api.github.com/repos/atom/atom/zipball/v1.13.1,v1.13.1,https://api.github.com/repos/atom/atom/commits/3124f4861509cded2c446f5b07f2d423468c8fcf,
a357b4d0628bbdac906a32e8cd0a7e3c87fb7aac,https://api.github.com/repos/atom/atom/tarball/v1.13.0,https://api.github.com/repos/atom/atom/zipball/v1.13.0,v1.13.0,https://api.github.com/repos/atom/atom/commits/a357b4d0628bbdac906a32e8cd0a7e3c87fb7aac,
0392222a51a9cac1d9158c62794f718e096eebcb,https://api.github.com/repos/atom/atom/tarball/v1.13.0-beta10,https://api.github.com/repos/atom/atom/zipball/v1.13.0-beta10,v1.13.0-beta10,https://api.github.com/repos/atom/atom/commits/0392222a51a9cac1d9158c62794f718e096eebcb,
c43f933b863d339256d503d7ab3f72fdf32ea519,https://api.github.com/repos/atom/atom/tarball/v1.13.0-beta9,https://api.github.com/repos/atom/atom/zipball/v1.13.0-beta9,v1.13.0-beta9,https://api.github.com/repos/atom/atom/commits/c43f933b863d339256d503d7ab3f72fdf32ea519,
d1e8a3be24ec1b702303707801577525da845a3b,https://api.github.com/repos/atom/atom/tarball/v1.13.0-beta8,https://api.github.com/repos/atom/atom/zipball/v1.13.0-beta8,v1.13.0-beta8,https://api.github.com/repos/atom/atom/commits/d1e8a3be24ec1b702303707801577525da845a3b,
f8f6f7eebbb788ce6d4bd63f3416f438e617459b,https://api.github.com/repos/atom/atom/tarball/v1.13.0-beta7,https://api.github.com/repos/atom/atom/zipball/v1.13.0-beta7,v1.13.0-beta7,https://api.github.com/repos/atom/atom/commits/f8f6f7eebbb788ce6d4bd63f3416f438e617459b,
19b9e70d0a417804bc852f59969dd5603ed626eb,https://api.github.com/repos/atom/atom/tarball/v1.13.0-beta6,https://api.github.com/repos/atom/atom/zipball/v1.13.0-beta6,v1.13.0-beta6,https://api.github.com/repos/atom/atom/commits/19b9e70d0a417804bc852f59969dd5603ed626eb,
ceecc6ec118362422bf679c913f550cca2b2b561,https://api.github.com/repos/atom/atom/tarball/v1.13.0-beta5,https://api.github.com/repos/atom/atom/zipball/v1.13.0-beta5,v1.13.0-beta5,https://api.github.com/repos/atom/atom/commits/ceecc6ec118362422bf679c913f550cca2b2b561,
a31dedbc8d1a5841caa78c0fcf820c2d19c90a3e,https://api.github.com/repos/atom/atom/tarball/v1.13.0-beta4,https://api.github.com/repos/atom/atom/zipball/v1.13.0-beta4,v1.13.0-beta4,https://api.github.com/repos/atom/atom/commits/a31dedbc8d1a5841caa78c0fcf820c2d19c90a3e,
22b802ab5c74eaf5a0bbbe8565fc0aa0c6fbf966,https://api.github.com/repos/atom/atom/tarball/v1.13.0-beta3,https://api.github.com/repos/atom/atom/zipball/v1.13.0-beta3,v1.13.0-beta3,https://api.github.com/repos/atom/atom/commits/22b802ab5c74eaf5a0bbbe8565fc0aa0c6fbf966,
595a9a0db0ba997d0103525aef21637ebbcc49fc,https://api.github.com/repos/atom/atom/tarball/v1.13.0-beta2,https://api.github.com/repos/atom/atom/zipball/v1.13.0-beta2,v1.13.0-beta2,https://api.github.com/repos/atom/atom/commits/595a9a0db0ba997d0103525aef21637ebbcc49fc,
55ef6cd3b2e7843932e25dde3eda00aeaefe99ff,https://api.github.com/repos/atom/atom/tarball/v1.13.0-beta1,https://api.github.com/repos/atom/atom/zipball/v1.13.0-beta1,v1.13.0-beta1,https://api.github.com/repos/atom/atom/commits/55ef6cd3b2e7843932e25dde3eda00aeaefe99ff,
76ffa55780e487e82fe7c7be5f544236e4a09309,https://api.github.com/repos/atom/atom/tarball/v1.13.0-beta0,https://api.github.com/repos/atom/atom/zipball/v1.13.0-beta0,v1.13.0-beta0,https://api.github.com/repos/atom/atom/commits/76ffa55780e487e82fe7c7be5f544236e4a09309,
a27d50a6fbdfe85aef77dc6bedd571855c3cf5b1,https://api.github.com/repos/atom/atom/tarball/v1.12.9,https://api.github.com/repos/atom/atom/zipball/v1.12.9,v1.12.9,https://api.github.com/repos/atom/atom/commits/a27d50a6fbdfe85aef77dc6bedd571855c3cf5b1,
cc4694922f3dbae113ba85035316922feadc3064,https://api.github.com/repos/atom/atom/tarball/v1.12.8,https://api.github.com/repos/atom/atom/zipball/v1.12.8,v1.12.8,https://api.github.com/repos/atom/atom/commits/cc4694922f3dbae113ba85035316922feadc3064,
4573089108d3ebf48515f0a1c049ce22600ee878,https://api.github.com/repos/atom/atom/tarball/v1.12.7,https://api.github.com/repos/atom/atom/zipball/v1.12.7,v1.12.7,https://api.github.com/repos/atom/atom/commits/4573089108d3ebf48515f0a1c049ce22600ee878,
5a3d615dfa03c38b981e8dc81a26efe049ffb936,https://api.github.com/repos/atom/atom/tarball/v1.12.6,https://api.github.com/repos/atom/atom/zipball/v1.12.6,v1.12.6,https://api.github.com/repos/atom/atom/commits/5a3d615dfa03c38b981e8dc81a26efe049ffb936,
87d05c92c7db0f6f07eb247fcc8d5be034b1e11c,https://api.github.com/repos/atom/atom/tarball/v1.12.5,https://api.github.com/repos/atom/atom/zipball/v1.12.5,v1.12.5,https://api.github.com/repos/atom/atom/commits/87d05c92c7db0f6f07eb247fcc8d5be034b1e11c,
8681fef70db7ac327f571e5e40fbfc3f04187555,https://api.github.com/repos/atom/atom/tarball/v1.12.4,https://api.github.com/repos/atom/atom/zipball/v1.12.4,v1.12.4,https://api.github.com/repos/atom/atom/commits/8681fef70db7ac327f571e5e40fbfc3f04187555,
d345bce23f60015f04ceb98b474077e64749593f,https://api.github.com/repos/atom/atom/tarball/v1.12.3,https://api.github.com/repos/atom/atom/zipball/v1.12.3,v1.12.3,https://api.github.com/repos/atom/atom/commits/d345bce23f60015f04ceb98b474077e64749593f,
310efaac11b5410e51800130f78cffcebb204818,https://api.github.com/repos/atom/atom/tarball/v1.12.2,https://api.github.com/repos/atom/atom/zipball/v1.12.2,v1.12.2,https://api.github.com/repos/atom/atom/commits/310efaac11b5410e51800130f78cffcebb204818,
82b1f7dca137c882898807f446aaca0f8d3d7bcf,https://api.github.com/repos/atom/atom/tarball/v1.12.1,https://api.github.com/repos/atom/atom/zipball/v1.12.1,v1.12.1,https://api.github.com/repos/atom/atom/commits/82b1f7dca137c882898807f446aaca0f8d3d7bcf,
411d7801cb70a620f7d3081d58e25e01cd1d1d57,https://api.github.com/repos/atom/atom/tarball/v1.12.0,https://api.github.com/repos/atom/atom/zipball/v1.12.0,v1.12.0,https://api.github.com/repos/atom/atom/commits/411d7801cb70a620f7d3081d58e25e01cd1d1d57,
085f912984e63f61f9a18e3f06f70d40fbbfd876,https://api.github.com/repos/atom/atom/tarball/v1.12.0-beta7,https://api.github.com/repos/atom/atom/zipball/v1.12.0-beta7,v1.12.0-beta7,https://api.github.com/repos/atom/atom/commits/085f912984e63f61f9a18e3f06f70d40fbbfd876,
c2146dd9146c690c94c9667db6d32256adc32754,https://api.github.com/repos/atom/atom/tarball/v1.12.0-beta6,https://api.github.com/repos/atom/atom/zipball/v1.12.0-beta6,v1.12.0-beta6,https://api.github.com/repos/atom/atom/commits/c2146dd9146c690c94c9667db6d32256adc32754,
b8388149e72ddd4a197bf6a4054575037b042462,https://api.github.com/repos/atom/atom/tarball/v1.12.0-beta5,https://api.github.com/repos/atom/atom/zipball/v1.12.0-beta5,v1.12.0-beta5,https://api.github.com/repos/atom/atom/commits/b8388149e72ddd4a197bf6a4054575037b042462,
339cac5d821a28f20eddd7eacd29faeb54350aa2,https://api.github.com/repos/atom/atom/tarball/v1.12.0-beta4,https://api.github.com/repos/atom/atom/zipball/v1.12.0-beta4,v1.12.0-beta4,https://api.github.com/repos/atom/atom/commits/339cac5d821a28f20eddd7eacd29faeb54350aa2,
1e7038c87e75c44d5bc3374b5a530058e83c0c6e,https://api.github.com/repos/atom/atom/tarball/v1.12.0-beta3,https://api.github.com/repos/atom/atom/zipball/v1.12.0-beta3,v1.12.0-beta3,https://api.github.com/repos/atom/atom/commits/1e7038c87e75c44d5bc3374b5a530058e83c0c6e,
177186e856c880f0fcab59f94d0eef369625c0e5,https://api.github.com/repos/atom/atom/tarball/v1.12.0-beta2,https://api.github.com/repos/atom/atom/zipball/v1.12.0-beta2,v1.12.0-beta2,https://api.github.com/repos/atom/atom/commits/177186e856c880f0fcab59f94d0eef369625c0e5,
1a2726bbe4acd6492d1fb54ee73cce69ba653653,https://api.github.com/repos/atom/atom/tarball/v1.12.0-beta1,https://api.github.com/repos/atom/atom/zipball/v1.12.0-beta1,v1.12.0-beta1,https://api.github.com/repos/atom/atom/commits/1a2726bbe4acd6492d1fb54ee73cce69ba653653,
6a11346efedac4aed9011bde5ac6647747f11815,https://api.github.com/repos/atom/atom/tarball/v1.12.0-beta0,https://api.github.com/repos/atom/atom/zipball/v1.12.0-beta0,v1.12.0-beta0,https://api.github.com/repos/atom/atom/commits/6a11346efedac4aed9011bde5ac6647747f11815,
0ecc15013866194a3b97713df97ce7391ac916e5,https://api.github.com/repos/atom/atom/tarball/v1.11.2,https://api.github.com/repos/atom/atom/zipball/v1.11.2,v1.11.2,https://api.github.com/repos/atom/atom/commits/0ecc15013866194a3b97713df97ce7391ac916e5,
099ffefca36057084aac3d55748f35cf6c3bcae6,https://api.github.com/repos/atom/atom/tarball/v1.11.1,https://api.github.com/repos/atom/atom/zipball/v1.11.1,v1.11.1,https://api.github.com/repos/atom/atom/commits/099ffefca36057084aac3d55748f35cf6c3bcae6,
46f5ec0d2f4d098b41f3ebd844885bd6671a501a,https://api.github.com/repos/atom/atom/tarball/v1.11.0,https://api.github.com/repos/atom/atom/zipball/v1.11.0,v1.11.0,https://api.github.com/repos/atom/atom/commits/46f5ec0d2f4d098b41f3ebd844885bd6671a501a,
620d35a5ba98b3081f1b319ef1c844d6cb9c661c,https://api.github.com/repos/atom/atom/tarball/v1.11.0-beta5,https://api.github.com/repos/atom/atom/zipball/v1.11.0-beta5,v1.11.0-beta5,https://api.github.com/repos/atom/atom/commits/620d35a5ba98b3081f1b319ef1c844d6cb9c661c,
ee273e970e15ad9e0800f5b41ce8b2560f3658d1,https://api.github.com/repos/atom/atom/tarball/v1.11.0-beta4,https://api.github.com/repos/atom/atom/zipball/v1.11.0-beta4,v1.11.0-beta4,https://api.github.com/repos/atom/atom/commits/ee273e970e15ad9e0800f5b41ce8b2560f3658d1,
2c19fd76ffa510fc5b59c6d55df2b1d89b48b294,https://api.github.com/repos/atom/atom/tarball/v1.11.0-beta3,https://api.github.com/repos/atom/atom/zipball/v1.11.0-beta3,v1.11.0-beta3,https://api.github.com/repos/atom/atom/commits/2c19fd76ffa510fc5b59c6d55df2b1d89b48b294,
130b9a4af05d372ba0ca97f4c9b6fe4d2a6daa09,https://api.github.com/repos/atom/atom/tarball/v1.11.0-beta2,https://api.github.com/repos/atom/atom/zipball/v1.11.0-beta2,v1.11.0-beta2,https://api.github.com/repos/atom/atom/commits/130b9a4af05d372ba0ca97f4c9b6fe4d2a6daa09,
af6c64174f9f7aa92c3cc5b4530d5b8ea6b44b6a,https://api.github.com/repos/atom/atom/tarball/v1.11.0-beta1,https://api.github.com/repos/atom/atom/zipball/v1.11.0-beta1,v1.11.0-beta1,https://api.github.com/repos/atom/atom/commits/af6c64174f9f7aa92c3cc5b4530d5b8ea6b44b6a,
538aa945a2fe680ebd39d4789d725421e6158453,https://api.github.com/repos/atom/atom/tarball/v1.11.0-beta0,https://api.github.com/repos/atom/atom/zipball/v1.11.0-beta0,v1.11.0-beta0,https://api.github.com/repos/atom/atom/commits/538aa945a2fe680ebd39d4789d725421e6158453,
3ae8b29e3d1107828990a07b6faa326c7b89f455,https://api.github.com/repos/atom/atom/tarball/v1.10.2,https://api.github.com/repos/atom/atom/zipball/v1.10.2,v1.10.2,https://api.github.com/repos/atom/atom/commits/3ae8b29e3d1107828990a07b6faa326c7b89f455,
13a21ce23776586289d94dc4f21c2ab491535547,https://api.github.com/repos/atom/atom/tarball/v1.10.1,https://api.github.com/repos/atom/atom/zipball/v1.10.1,v1.10.1,https://api.github.com/repos/atom/atom/commits/13a21ce23776586289d94dc4f21c2ab491535547,
4f3b013b6e99aa0bfb53753aee9bbc3e9fb23217,https://api.github.com/repos/atom/atom/tarball/v1.10.0,https://api.github.com/repos/atom/atom/zipball/v1.10.0,v1.10.0,https://api.github.com/repos/atom/atom/commits/4f3b013b6e99aa0bfb53753aee9bbc3e9fb23217,
21f835142289c52a09e8322bdff4948917776065,https://api.github.com/repos/atom/atom/tarball/v1.10.0-beta7,https://api.github.com/repos/atom/atom/zipball/v1.10.0-beta7,v1.10.0-beta7,https://api.github.com/repos/atom/atom/commits/21f835142289c52a09e8322bdff4948917776065,
1c4300acac98f56553f20a987351fa875db59f67,https://api.github.com/repos/atom/atom/tarball/v1.10.0-beta6,https://api.github.com/repos/atom/atom/zipball/v1.10.0-beta6,v1.10.0-beta6,https://api.github.com/repos/atom/atom/commits/1c4300acac98f56553f20a987351fa875db59f67,
a21118cc95f80dae9d4beb1048a8e850f8be6de8,https://api.github.com/repos/atom/atom/tarball/v1.10.0-beta5,https://api.github.com/repos/atom/atom/zipball/v1.10.0-beta5,v1.10.0-beta5,https://api.github.com/repos/atom/atom/commits/a21118cc95f80dae9d4beb1048a8e850f8be6de8,
76f6d1aaa0dca999f0f08817ef4382401bf5f3fc,https://api.github.com/repos/atom/atom/tarball/v1.10.0-beta4,https://api.github.com/repos/atom/atom/zipball/v1.10.0-beta4,v1.10.0-beta4,https://api.github.com/repos/atom/atom/commits/76f6d1aaa0dca999f0f08817ef4382401bf5f3fc,
d6e48490c112575d0516e4611cf22c200a4e459e,https://api.github.com/repos/atom/atom/tarball/v1.10.0-beta3,https://api.github.com/repos/atom/atom/zipball/v1.10.0-beta3,v1.10.0-beta3,https://api.github.com/repos/atom/atom/commits/d6e48490c112575d0516e4611cf22c200a4e459e,
498d4dc76ce6c1ec3fb2914d66cca4e68337d930,https://api.github.com/repos/atom/atom/tarball/v1.10.0-beta2,https://api.github.com/repos/atom/atom/zipball/v1.10.0-beta2,v1.10.0-beta2,https://api.github.com/repos/atom/atom/commits/498d4dc76ce6c1ec3fb2914d66cca4e68337d930,
c720f92a03a0734193da113fbded61ba537126ec,https://api.github.com/repos/atom/atom/tarball/v1.10.0-beta1,https://api.github.com/repos/atom/atom/zipball/v1.10.0-beta1,v1.10.0-beta1,https://api.github.com/repos/atom/atom/commits/c720f92a03a0734193da113fbded61ba537126ec,
f3caa671092f2460eea7bc5a148628ce343dbe80,https://api.github.com/repos/atom/atom/tarball/v1.10.0-beta0,https://api.github.com/repos/atom/atom/zipball/v1.10.0-beta0,v1.10.0-beta0,https://api.github.com/repos/atom/atom/commits/f3caa671092f2460eea7bc5a148628ce343dbe80,
fe97a53859c01d1c555dec6cf5888df329bbd4e1,https://api.github.com/repos/atom/atom/tarball/v1.9.9,https://api.github.com/repos/atom/atom/zipball/v1.9.9,v1.9.9,https://api.github.com/repos/atom/atom/commits/fe97a53859c01d1c555dec6cf5888df329bbd4e1,
afe3e2f465aa5407ed11db5c9a6f553b1e1e53c4,https://api.github.com/repos/atom/atom/tarball/v1.9.8,https://api.github.com/repos/atom/atom/zipball/v1.9.8,v1.9.8,https://api.github.com/repos/atom/atom/commits/afe3e2f465aa5407ed11db5c9a6f553b1e1e53c4,
6a200ac4f3fb39cb7d4449cc1a419be6be43bb5e,https://api.github.com/repos/atom/atom/tarball/v1.9.7,https://api.github.com/repos/atom/atom/zipball/v1.9.7,v1.9.7,https://api.github.com/repos/atom/atom/commits/6a200ac4f3fb39cb7d4449cc1a419be6be43bb5e,
e0801e756fb85bbd5214225f4aca67c963817ceb,https://api.github.com/repos/atom/atom/tarball/v1.9.6,https://api.github.com/repos/atom/atom/zipball/v1.9.6,v1.9.6,https://api.github.com/repos/atom/atom/commits/e0801e756fb85bbd5214225f4aca67c963817ceb,
4c1a1e39d80e981e702a869257b52b1f9ff070da,https://api.github.com/repos/atom/atom/tarball/v1.9.5,https://api.github.com/repos/atom/atom/zipball/v1.9.5,v1.9.5,https://api.github.com/repos/atom/atom/commits/4c1a1e39d80e981e702a869257b52b1f9ff070da,
a2228795bf00a1a071d9967464d911289cdd010f,https://api.github.com/repos/atom/atom/tarball/v1.9.4,https://api.github.com/repos/atom/atom/zipball/v1.9.4,v1.9.4,https://api.github.com/repos/atom/atom/commits/a2228795bf00a1a071d9967464d911289cdd010f,
ba5c5060b70602db54caf5e0cf6080f86b33771a,https://api.github.com/repos/atom/atom/tarball/v1.9.3,https://api.github.com/repos/atom/atom/zipball/v1.9.3,v1.9.3,https://api.github.com/repos/atom/atom/commits/ba5c5060b70602db54caf5e0cf6080f86b33771a,
e4ee1f96529722b9117f28ff2f576782b3ccba32,https://api.github.com/repos/atom/atom/tarball/v1.9.2,https://api.github.com/repos/atom/atom/zipball/v1.9.2,v1.9.2,https://api.github.com/repos/atom/atom/commits/e4ee1f96529722b9117f28ff2f576782b3ccba32,
026cd2b00a4dde54472fd14a30c64b893f95825f,https://api.github.com/repos/atom/atom/tarball/v1.9.1,https://api.github.com/repos/atom/atom/zipball/v1.9.1,v1.9.1,https://api.github.com/repos/atom/atom/commits/026cd2b00a4dde54472fd14a30c64b893f95825f,
59b62a28db6fd590177224aa1a53189c3785f57d,https://api.github.com/repos/atom/atom/tarball/v1.9.0,https://api.github.com/repos/atom/atom/zipball/v1.9.0,v1.9.0,https://api.github.com/repos/atom/atom/commits/59b62a28db6fd590177224aa1a53189c3785f57d,
5d4970bdaa82ca541d2b3084b1bbffa1ee69f182,https://api.github.com/repos/atom/atom/tarball/v1.9.0-beta2,https://api.github.com/repos/atom/atom/zipball/v1.9.0-beta2,v1.9.0-beta2,https://api.github.com/repos/atom/atom/commits/5d4970bdaa82ca541d2b3084b1bbffa1ee69f182,
57b8f81a5cecf06b713557273153d0851f5ae97d,https://api.github.com/repos/atom/atom/tarball/v1.9.0-beta1,https://api.github.com/repos/atom/atom/zipball/v1.9.0-beta1,v1.9.0-beta1,https://api.github.com/repos/atom/atom/commits/57b8f81a5cecf06b713557273153d0851f5ae97d,
9702903feba579b57528e5309efb4c4e58d72f34,https://api.github.com/repos/atom/atom/tarball/v1.9.0-beta0,https://api.github.com/repos/atom/atom/zipball/v1.9.0-beta0,v1.9.0-beta0,https://api.github.com/repos/atom/atom/commits/9702903feba579b57528e5309efb4c4e58d72f34,
f89b273752854a1894f340a337a34bf2c6d27fc4,https://api.github.com/repos/atom/atom/tarball/v1.8.0,https://api.github.com/repos/atom/atom/zipball/v1.8.0,v1.8.0,https://api.github.com/repos/atom/atom/commits/f89b273752854a1894f340a337a34bf2c6d27fc4,
b700507036c783d69181151b208d18bef86488d7,https://api.github.com/repos/atom/atom/tarball/v1.8.0-beta4,https://api.github.com/repos/atom/atom/zipball/v1.8.0-beta4,v1.8.0-beta4,https://api.github.com/repos/atom/atom/commits/b700507036c783d69181151b208d18bef86488d7,
022349f0d7f46917ca93d0fe8b339a25ea7f462f,https://api.github.com/repos/atom/atom/tarball/v1.8.0-beta3,https://api.github.com/repos/atom/atom/zipball/v1.8.0-beta3,v1.8.0-beta3,https://api.github.com/repos/atom/atom/commits/022349f0d7f46917ca93d0fe8b339a25ea7f462f,
ef82727830f4d3073aaca7bb4be30f5cbb29618e,https://api.github.com/repos/atom/atom/tarball/v1.8.0-beta2,https://api.github.com/repos/atom/atom/zipball/v1.8.0-beta2,v1.8.0-beta2,https://api.github.com/repos/atom/atom/commits/ef82727830f4d3073aaca7bb4be30f5cbb29618e,
9e39445f802a6390d3ed6373e7d88f6cc6679eb6,https://api.github.com/repos/atom/atom/tarball/v1.8.0-beta1,https://api.github.com/repos/atom/atom/zipball/v1.8.0-beta1,v1.8.0-beta1,https://api.github.com/repos/atom/atom/commits/9e39445f802a6390d3ed6373e7d88f6cc6679eb6,
7a54c770a8d8e1d7d05a9c9a12c055e0cd146b88,https://api.github.com/repos/atom/atom/tarball/v1.8.0-beta0,https://api.github.com/repos/atom/atom/zipball/v1.8.0-beta0,v1.8.0-beta0,https://api.github.com/repos/atom/atom/commits/7a54c770a8d8e1d7d05a9c9a12c055e0cd146b88,
6bed3e5991d3991eeb61444d35839bac01a88f7b,https://api.github.com/repos/atom/atom/tarball/v1.7.4,https://api.github.com/repos/atom/atom/zipball/v1.7.4,v1.7.4,https://api.github.com/repos/atom/atom/commits/6bed3e5991d3991eeb61444d35839bac01a88f7b,
1b3da6b4b7ce479494f7d9444192c34ad9f3fda3,https://api.github.com/repos/atom/atom/tarball/v1.7.3,https://api.github.com/repos/atom/atom/zipball/v1.7.3,v1.7.3,https://api.github.com/repos/atom/atom/commits/1b3da6b4b7ce479494f7d9444192c34ad9f3fda3,
19699036cf35e1d06e80eae55408da37ca8ca0d2,https://api.github.com/repos/atom/atom/tarball/v1.7.2,https://api.github.com/repos/atom/atom/zipball/v1.7.2,v1.7.2,https://api.github.com/repos/atom/atom/commits/19699036cf35e1d06e80eae55408da37ca8ca0d2,
5dda304decf8bb16f50973465ab8c73c2fcb6c3c,https://api.github.com/repos/atom/atom/tarball/v1.7.1,https://api.github.com/repos/atom/atom/zipball/v1.7.1,v1.7.1,https://api.github.com/repos/atom/atom/commits/5dda304decf8bb16f50973465ab8c73c2fcb6c3c,
e6e385c95b4eb4d7ff44a908db26f89ea7834bd9,https://api.github.com/repos/atom/atom/tarball/v1.7.0,https://api.github.com/repos/atom/atom/zipball/v1.7.0,v1.7.0,https://api.github.com/repos/atom/atom/commits/e6e385c95b4eb4d7ff44a908db26f89ea7834bd9,
11e7da2c6b8a8a24289e272d4170d7e7454dca3a,https://api.github.com/repos/atom/atom/tarball/v1.7.0-beta5,https://api.github.com/repos/atom/atom/zipball/v1.7.0-beta5,v1.7.0-beta5,https://api.github.com/repos/atom/atom/commits/11e7da2c6b8a8a24289e272d4170d7e7454dca3a,
a7fd68a51f0312426cf5e4d78f5554e3b6caccf6,https://api.github.com/repos/atom/atom/tarball/v1.7.0-beta4,https://api.github.com/repos/atom/atom/zipball/v1.7.0-beta4,v1.7.0-beta4,https://api.github.com/repos/atom/atom/commits/a7fd68a51f0312426cf5e4d78f5554e3b6caccf6,
8a4a9580369582477f2793efd011aab75bb87d5b,https://api.github.com/repos/atom/atom/tarball/v1.7.0-beta3,https://api.github.com/repos/atom/atom/zipball/v1.7.0-beta3,v1.7.0-beta3,https://api.github.com/repos/atom/atom/commits/8a4a9580369582477f2793efd011aab75bb87d5b,
60d5447f042404aa1f7a41378eac02ea41941339,https://api.github.com/repos/atom/atom/tarball/v1.7.0-beta2,https://api.github.com/repos/atom/atom/zipball/v1.7.0-beta2,v1.7.0-beta2,https://api.github.com/repos/atom/atom/commits/60d5447f042404aa1f7a41378eac02ea41941339,
ef3f4aa3a147f886ad5f754f92e9214813edbaeb,https://api.github.com/repos/atom/atom/tarball/v1.7.0-beta1,https://api.github.com/repos/atom/atom/zipball/v1.7.0-beta1,v1.7.0-beta1,https://api.github.com/repos/atom/atom/commits/ef3f4aa3a147f886ad5f754f92e9214813edbaeb,
850b67a78e1abae9c502c236ed431e110e7b2e6f,https://api.github.com/repos/atom/atom/tarball/v1.7.0-beta0,https://api.github.com/repos/atom/atom/zipball/v1.7.0-beta0,v1.7.0-beta0,https://api.github.com/repos/atom/atom/commits/850b67a78e1abae9c502c236ed431e110e7b2e6f,
42d7c406425126f22b9931d44c3052419a802a9d,https://api.github.com/repos/atom/atom/tarball/v1.6.2,https://api.github.com/repos/atom/atom/zipball/v1.6.2,v1.6.2,https://api.github.com/repos/atom/atom/commits/42d7c406425126f22b9931d44c3052419a802a9d,
cd9b7d3180f779040d38a74fd037def18f27d87d,https://api.github.com/repos/atom/atom/tarball/v1.6.1,https://api.github.com/repos/atom/atom/zipball/v1.6.1,v1.6.1,https://api.github.com/repos/atom/atom/commits/cd9b7d3180f779040d38a74fd037def18f27d87d,
01c7777fcd849080e6b5987829db8472f5ceeba2,https://api.github.com/repos/atom/atom/tarball/v1.6.0,https://api.github.com/repos/atom/atom/zipball/v1.6.0,v1.6.0,https://api.github.com/repos/atom/atom/commits/01c7777fcd849080e6b5987829db8472f5ceeba2,
58954bb6c01a8c4c1d7065fce2d89b56280dd2f8,https://api.github.com/repos/atom/atom/tarball/v1.6.0-beta8,https://api.github.com/repos/atom/atom/zipball/v1.6.0-beta8,v1.6.0-beta8,https://api.github.com/repos/atom/atom/commits/58954bb6c01a8c4c1d7065fce2d89b56280dd2f8,
2e940b4426d2c91622096a5e73d274ff1cc76458,https://api.github.com/repos/atom/atom/tarball/v1.6.0-beta7,https://api.github.com/repos/atom/atom/zipball/v1.6.0-beta7,v1.6.0-beta7,https://api.github.com/repos/atom/atom/commits/2e940b4426d2c91622096a5e73d274ff1cc76458,
532c45b85e7d581dbf005690485bf006965f8c28,https://api.github.com/repos/atom/atom/tarball/v1.6.0-beta6,https://api.github.com/repos/atom/atom/zipball/v1.6.0-beta6,v1.6.0-beta6,https://api.github.com/repos/atom/atom/commits/532c45b85e7d581dbf005690485bf006965f8c28,
6416e43d7fa93dbb20bbb00f071b70b7790466ab,https://api.github.com/repos/atom/atom/tarball/v1.6.0-beta5,https://api.github.com/repos/atom/atom/zipball/v1.6.0-beta5,v1.6.0-beta5,https://api.github.com/repos/atom/atom/commits/6416e43d7fa93dbb20bbb00f071b70b7790466ab,
6d0d388e04a9a4b3ca8bacfb9d91c72a931c0436,https://api.github.com/repos/atom/atom/tarball/v1.6.0-beta4,https://api.github.com/repos/atom/atom/zipball/v1.6.0-beta4,v1.6.0-beta4,https://api.github.com/repos/atom/atom/commits/6d0d388e04a9a4b3ca8bacfb9d91c72a931c0436,
02fd706c7eab73b727f8a62ebe686a90f21583a4,https://api.github.com/repos/atom/atom/tarball/v1.6.0-beta3,https://api.github.com/repos/atom/atom/zipball/v1.6.0-beta3,v1.6.0-beta3,https://api.github.com/repos/atom/atom/commits/02fd706c7eab73b727f8a62ebe686a90f21583a4,
de794ab826266f038c2cf20a917c36185dfb365f,https://api.github.com/repos/atom/atom/tarball/v1.6.0-beta2,https://api.github.com/repos/atom/atom/zipball/v1.6.0-beta2,v1.6.0-beta2,https://api.github.com/repos/atom/atom/commits/de794ab826266f038c2cf20a917c36185dfb365f,
d759eb022df5962644b2c0088db07f975bbe2aa1,https://api.github.com/repos/atom/atom/tarball/v1.6.0-beta1,https://api.github.com/repos/atom/atom/zipball/v1.6.0-beta1,v1.6.0-beta1,https://api.github.com/repos/atom/atom/commits/d759eb022df5962644b2c0088db07f975bbe2aa1,
1b416c789e16d98617ba74aa36c0f9fcd96e02b8,https://api.github.com/repos/atom/atom/tarball/v1.6.0-beta0,https://api.github.com/repos/atom/atom/zipball/v1.6.0-beta0,v1.6.0-beta0,https://api.github.com/repos/atom/atom/commits/1b416c789e16d98617ba74aa36c0f9fcd96e02b8,
b8cc0b4fc51965f3ee6e84f3a23ee29230fd5b4b,https://api.github.com/repos/atom/atom/tarball/v1.5.4,https://api.github.com/repos/atom/atom/zipball/v1.5.4,v1.5.4,https://api.github.com/repos/atom/atom/commits/b8cc0b4fc51965f3ee6e84f3a23ee29230fd5b4b,
3e71894a59950a5c88247a2cd9a64c35ee60d26e,https://api.github.com/repos/atom/atom/tarball/v1.5.3,https://api.github.com/repos/atom/atom/zipball/v1.5.3,v1.5.3,https://api.github.com/repos/atom/atom/commits/3e71894a59950a5c88247a2cd9a64c35ee60d26e,
05731e3912c4cf82c5f790566be51ea660b53a7a,https://api.github.com/repos/atom/atom/tarball/v1.5.2,https://api.github.com/repos/atom/atom/zipball/v1.5.2,v1.5.2,https://api.github.com/repos/atom/atom/commits/05731e3912c4cf82c5f790566be51ea660b53a7a,
88524b19ce457f83e11eec55f298cbfeb5c4935e,https://api.github.com/repos/atom/atom/tarball/v1.5.1,https://api.github.com/repos/atom/atom/zipball/v1.5.1,v1.5.1,https://api.github.com/repos/atom/atom/commits/88524b19ce457f83e11eec55f298cbfeb5c4935e,
69df5d08362adced494a40325eaaaa87da1cf2f4,https://api.github.com/repos/atom/atom/tarball/v1.5.0,https://api.github.com/repos/atom/atom/zipball/v1.5.0,v1.5.0,https://api.github.com/repos/atom/atom/commits/69df5d08362adced494a40325eaaaa87da1cf2f4,
6d561853003b42e3224d3096007b3d1704421fb9,https://api.github.com/repos/atom/atom/tarball/v1.5.0-beta3,https://api.github.com/repos/atom/atom/zipball/v1.5.0-beta3,v1.5.0-beta3,https://api.github.com/repos/atom/atom/commits/6d561853003b42e3224d3096007b3d1704421fb9,
a01dc47e69c9d4282ff0359aa848f63df1715a60,https://api.github.com/repos/atom/atom/tarball/v1.5.0-beta2,https://api.github.com/repos/atom/atom/zipball/v1.5.0-beta2,v1.5.0-beta2,https://api.github.com/repos/atom/atom/commits/a01dc47e69c9d4282ff0359aa848f63df1715a60,
b6fdbf4dc36d7eac4f5d62c537a3ccab25adcbe8,https://api.github.com/repos/atom/atom/tarball/v1.5.0-beta1,https://api.github.com/repos/atom/atom/zipball/v1.5.0-beta1,v1.5.0-beta1,https://api.github.com/repos/atom/atom/commits/b6fdbf4dc36d7eac4f5d62c537a3ccab25adcbe8,
339a7f511ee76c8c7c83633b462c89a1beb09b2d,https://api.github.com/repos/atom/atom/tarball/v1.5.0-beta0,https://api.github.com/repos/atom/atom/zipball/v1.5.0-beta0,v1.5.0-beta0,https://api.github.com/repos/atom/atom/commits/339a7f511ee76c8c7c83633b462c89a1beb09b2d,
164201e7bba5681594ac80ef1430c3afd9b58911,https://api.github.com/repos/atom/atom/tarball/v1.4.3,https://api.github.com/repos/atom/atom/zipball/v1.4.3,v1.4.3,https://api.github.com/repos/atom/atom/commits/164201e7bba5681594ac80ef1430c3afd9b58911,
fb0cb452ea6fbe3abe3193269cbccba24c80c484,https://api.github.com/repos/atom/atom/tarball/v1.4.2,https://api.github.com/repos/atom/atom/zipball/v1.4.2,v1.4.2,https://api.github.com/repos/atom/atom/commits/fb0cb452ea6fbe3abe3193269cbccba24c80c484,
2cf2ccbc0410ee11ac7f76494c2733e638432681,https://api.github.com/repos/atom/atom/tarball/v1.4.1,https://api.github.com/repos/atom/atom/zipball/v1.4.1,v1.4.1,https://api.github.com/repos/atom/atom/commits/2cf2ccbc0410ee11ac7f76494c2733e638432681,
e0dbf94d2d792b33ba741d32f9e77dfa869762de,https://api.github.com/repos/atom/atom/tarball/v1.4.0,https://api.github.com/repos/atom/atom/zipball/v1.4.0,v1.4.0,https://api.github.com/repos/atom/atom/commits/e0dbf94d2d792b33ba741d32f9e77dfa869762de,
385721af60d898854d15bcad37e1b587a3145cac,https://api.github.com/repos/atom/atom/tarball/v1.4.0-beta3,https://api.github.com/repos/atom/atom/zipball/v1.4.0-beta3,v1.4.0-beta3,https://api.github.com/repos/atom/atom/commits/385721af60d898854d15bcad37e1b587a3145cac,
f670dd8ff25fee36a9a1348e0eacd8a036cd74e9,https://api.github.com/repos/atom/atom/tarball/v1.4.0-beta2,https://api.github.com/repos/atom/atom/zipball/v1.4.0-beta2,v1.4.0-beta2,https://api.github.com/repos/atom/atom/commits/f670dd8ff25fee36a9a1348e0eacd8a036cd74e9,
e3473fd03cd764e9fa2a9d6fa4e3d64afdbd8971,https://api.github.com/repos/atom/atom/tarball/v1.4.0-beta1,https://api.github.com/repos/atom/atom/zipball/v1.4.0-beta1,v1.4.0-beta1,https://api.github.com/repos/atom/atom/commits/e3473fd03cd764e9fa2a9d6fa4e3d64afdbd8971,
ed7283f23b503688984312d2d1cf167967a86c96,https://api.github.com/repos/atom/atom/tarball/v1.4.0-beta0,https://api.github.com/repos/atom/atom/zipball/v1.4.0-beta0,v1.4.0-beta0,https://api.github.com/repos/atom/atom/commits/ed7283f23b503688984312d2d1cf167967a86c96,
8bbab519594cc17457cff3961a0ac9ff9e61b41d,https://api.github.com/repos/atom/atom/tarball/v1.3.3,https://api.github.com/repos/atom/atom/zipball/v1.3.3,v1.3.3,https://api.github.com/repos/atom/atom/commits/8bbab519594cc17457cff3961a0ac9ff9e61b41d,
473e8856a8b209d3dba505024879a128b8777369,https://api.github.com/repos/atom/atom/tarball/v1.3.2,https://api.github.com/repos/atom/atom/zipball/v1.3.2,v1.3.2,https://api.github.com/repos/atom/atom/commits/473e8856a8b209d3dba505024879a128b8777369,
3937312936f09c0279186c96423cc2b5a3be480f,https://api.github.com/repos/atom/atom/tarball/v1.3.1,https://api.github.com/repos/atom/atom/zipball/v1.3.1,v1.3.1,https://api.github.com/repos/atom/atom/commits/3937312936f09c0279186c96423cc2b5a3be480f,
40eec783eb1a498f9fc6976065b7492f8ef92b3a,https://api.github.com/repos/atom/atom/tarball/v1.3.0,https://api.github.com/repos/atom/atom/zipball/v1.3.0,v1.3.0,https://api.github.com/repos/atom/atom/commits/40eec783eb1a498f9fc6976065b7492f8ef92b3a,
efe33d69fd2be94f5bbff22d4700e6a59c8781b9,https://api.github.com/repos/atom/atom/tarball/v1.3.0-beta7,https://api.github.com/repos/atom/atom/zipball/v1.3.0-beta7,v1.3.0-beta7,https://api.github.com/repos/atom/atom/commits/efe33d69fd2be94f5bbff22d4700e6a59c8781b9,
235a1a57ae78766951355d9ea2d69865087cacde,https://api.github.com/repos/atom/atom/tarball/v1.3.0-beta6,https://api.github.com/repos/atom/atom/zipball/v1.3.0-beta6,v1.3.0-beta6,https://api.github.com/repos/atom/atom/commits/235a1a57ae78766951355d9ea2d69865087cacde,
ef4631b5b690d5fa42fa661950ea8a2593cd8429,https://api.github.com/repos/atom/atom/tarball/v1.3.0-beta5,https://api.github.com/repos/atom/atom/zipball/v1.3.0-beta5,v1.3.0-beta5,https://api.github.com/repos/atom/atom/commits/ef4631b5b690d5fa42fa661950ea8a2593cd8429,
d204e53ba27d9339549a0795ef73a2429107c655,https://api.github.com/repos/atom/atom/tarball/v1.3.0-beta4,https://api.github.com/repos/atom/atom/zipball/v1.3.0-beta4,v1.3.0-beta4,https://api.github.com/repos/atom/atom/commits/d204e53ba27d9339549a0795ef73a2429107c655,
dffe63b1038942fd0fe44460b38716359d771abf,https://api.github.com/repos/atom/atom/tarball/v1.3.0-beta3,https://api.github.com/repos/atom/atom/zipball/v1.3.0-beta3,v1.3.0-beta3,https://api.github.com/repos/atom/atom/commits/dffe63b1038942fd0fe44460b38716359d771abf,
192e804c8f726dbd52932c7fed8a0f309981dad3,https://api.github.com/repos/atom/atom/tarball/v1.3.0-beta2,https://api.github.com/repos/atom/atom/zipball/v1.3.0-beta2,v1.3.0-beta2,https://api.github.com/repos/atom/atom/commits/192e804c8f726dbd52932c7fed8a0f309981dad3,
3b4fc84fea87dfd7f8f00bc221af9e816cc15b07,https://api.github.com/repos/atom/atom/tarball/v1.3.0-beta1,https://api.github.com/repos/atom/atom/zipball/v1.3.0-beta1,v1.3.0-beta1,https://api.github.com/repos/atom/atom/commits/3b4fc84fea87dfd7f8f00bc221af9e816cc15b07,
c52da333327d2b71632d554e5684d29d3a10efe7,https://api.github.com/repos/atom/atom/tarball/v1.3.0-beta0,https://api.github.com/repos/atom/atom/zipball/v1.3.0-beta0,v1.3.0-beta0,https://api.github.com/repos/atom/atom/commits/c52da333327d2b71632d554e5684d29d3a10efe7,
05ef4c0e853c123f372f4d13310a92ea47121930,https://api.github.com/repos/atom/atom/tarball/v1.2.4,https://api.github.com/repos/atom/atom/zipball/v1.2.4,v1.2.4,https://api.github.com/repos/atom/atom/commits/05ef4c0e853c123f372f4d13310a92ea47121930,
fb5b1ba7f394e7c970d04d29af551d81c2fd277b,https://api.github.com/repos/atom/atom/tarball/v1.2.3,https://api.github.com/repos/atom/atom/zipball/v1.2.3,v1.2.3,https://api.github.com/repos/atom/atom/commits/fb5b1ba7f394e7c970d04d29af551d81c2fd277b,
7a5e34e1d2751cfd656fa5f87d7219bf276b6ecc,https://api.github.com/repos/atom/atom/tarball/v1.2.2,https://api.github.com/repos/atom/atom/zipball/v1.2.2,v1.2.2,https://api.github.com/repos/atom/atom/commits/7a5e34e1d2751cfd656fa5f87d7219bf276b6ecc,
7e902bc31ee4ad446c25d5d64c46871645be0dbb,https://api.github.com/repos/atom/atom/tarball/v1.2.1,https://api.github.com/repos/atom/atom/zipball/v1.2.1,v1.2.1,https://api.github.com/repos/atom/atom/commits/7e902bc31ee4ad446c25d5d64c46871645be0dbb,
58bc966053e400e2caaccb1c0a79d9afb7ebf156,https://api.github.com/repos/atom/atom/tarball/v1.2.0,https://api.github.com/repos/atom/atom/zipball/v1.2.0,v1.2.0,https://api.github.com/repos/atom/atom/commits/58bc966053e400e2caaccb1c0a79d9afb7ebf156,
37b3c45cc2ed1546607391ed784cdbb7906fe2d1,https://api.github.com/repos/atom/atom/tarball/v1.2.0-beta3,https://api.github.com/repos/atom/atom/zipball/v1.2.0-beta3,v1.2.0-beta3,https://api.github.com/repos/atom/atom/commits/37b3c45cc2ed1546607391ed784cdbb7906fe2d1,
86eef8cbbfd7d0829c6d47c08d8bac48be264ca3,https://api.github.com/repos/atom/atom/tarball/v1.2.0-beta2,https://api.github.com/repos/atom/atom/zipball/v1.2.0-beta2,v1.2.0-beta2,https://api.github.com/repos/atom/atom/commits/86eef8cbbfd7d0829c6d47c08d8bac48be264ca3,
7aa913f4aece3f41298aa65ad01b7145a5cd93c1,https://api.github.com/repos/atom/atom/tarball/v1.2.0-beta1,https://api.github.com/repos/atom/atom/zipball/v1.2.0-beta1,v1.2.0-beta1,https://api.github.com/repos/atom/atom/commits/7aa913f4aece3f41298aa65ad01b7145a5cd93c1,
2ec1b18bef650d4dbba3a036809d18b11c772737,https://api.github.com/repos/atom/atom/tarball/v1.2.0-beta0,https://api.github.com/repos/atom/atom/zipball/v1.2.0-beta0,v1.2.0-beta0,https://api.github.com/repos/atom/atom/commits/2ec1b18bef650d4dbba3a036809d18b11c772737,
402f6056cc793b04f86efc2ce6c5f1b6e9d16ea8,https://api.github.com/repos/atom/atom/tarball/v1.1.0,https://api.github.com/repos/atom/atom/zipball/v1.1.0,v1.1.0,https://api.github.com/repos/atom/atom/commits/402f6056cc793b04f86efc2ce6c5f1b6e9d16ea8,
63e8e816e38b79f026f08f1d2a88ad7af0e4eab3,https://api.github.com/repos/atom/atom/tarball/v1.1.0-beta1,https://api.github.com/repos/atom/atom/zipball/v1.1.0-beta1,v1.1.0-beta1,https://api.github.com/repos/atom/atom/commits/63e8e816e38b79f026f08f1d2a88ad7af0e4eab3,
ddc20b5af3e698987dae8750e31f332de242ba85,https://api.github.com/repos/atom/atom/tarball/v1.1.0-beta.0,https://api.github.com/repos/atom/atom/zipball/v1.1.0-beta.0,v1.1.0-beta.0,https://api.github.com/repos/atom/atom/commits/ddc20b5af3e698987dae8750e31f332de242ba85,
5f4f6d2d175f1877a71c3fcc9657ee1ba14f884b,https://api.github.com/repos/atom/atom/tarball/v1.0.19,https://api.github.com/repos/atom/atom/zipball/v1.0.19,v1.0.19,https://api.github.com/repos/atom/atom/commits/5f4f6d2d175f1877a71c3fcc9657ee1ba14f884b,
911be22b8b51e04862e95ae099dce0e0430276ed,https://api.github.com/repos/atom/atom/tarball/v1.0.18,https://api.github.com/repos/atom/atom/zipball/v1.0.18,v1.0.18,https://api.github.com/repos/atom/atom/commits/911be22b8b51e04862e95ae099dce0e0430276ed,
c3d75bea925349ce764b0199f88b27ebbfa2d854,https://api.github.com/repos/atom/atom/tarball/v1.0.17,https://api.github.com/repos/atom/atom/zipball/v1.0.17,v1.0.17,https://api.github.com/repos/atom/atom/commits/c3d75bea925349ce764b0199f88b27ebbfa2d854,
abe924f23185e51f86774e65fb82c638e8777307,https://api.github.com/repos/atom/atom/tarball/v1.0.16,https://api.github.com/repos/atom/atom/zipball/v1.0.16,v1.0.16,https://api.github.com/repos/atom/atom/commits/abe924f23185e51f86774e65fb82c638e8777307,
51ecbc0a5a131ca3b053ba510def1ff5a2546a9d,https://api.github.com/repos/atom/atom/tarball/v1.0.15,https://api.github.com/repos/atom/atom/zipball/v1.0.15,v1.0.15,https://api.github.com/repos/atom/atom/commits/51ecbc0a5a131ca3b053ba510def1ff5a2546a9d,
69271d2ede58ebee412ba501e46dfa51b0ccaa1c,https://api.github.com/repos/atom/atom/tarball/v1.0.14,https://api.github.com/repos/atom/atom/zipball/v1.0.14,v1.0.14,https://api.github.com/repos/atom/atom/commits/69271d2ede58ebee412ba501e46dfa51b0ccaa1c,
e69c20f3b04a9c63151f8d7c60ea074b1c6c7a04,https://api.github.com/repos/atom/atom/tarball/v1.0.13,https://api.github.com/repos/atom/atom/zipball/v1.0.13,v1.0.13,https://api.github.com/repos/atom/atom/commits/e69c20f3b04a9c63151f8d7c60ea074b1c6c7a04,
160c2cb77afe058164d9ab7e3b735019d888202c,https://api.github.com/repos/atom/atom/tarball/v1.0.12,https://api.github.com/repos/atom/atom/zipball/v1.0.12,v1.0.12,https://api.github.com/repos/atom/atom/commits/160c2cb77afe058164d9ab7e3b735019d888202c,
278e988cca2bba2b0f5f13d1833786ac59cb989e,https://api.github.com/repos/atom/atom/tarball/v1.0.11,https://api.github.com/repos/atom/atom/zipball/v1.0.11,v1.0.11,https://api.github.com/repos/atom/atom/commits/278e988cca2bba2b0f5f13d1833786ac59cb989e,
8f1daad4a9b606a617206a170f604c828c94ab35,https://api.github.com/repos/atom/atom/tarball/v1.0.10,https://api.github.com/repos/atom/atom/zipball/v1.0.10,v1.0.10,https://api.github.com/repos/atom/atom/commits/8f1daad4a9b606a617206a170f604c828c94ab35,
c0b4181b47737f4c1e4d0b32908f86c1d4e5d266,https://api.github.com/repos/atom/atom/tarball/v1.0.9,https://api.github.com/repos/atom/atom/zipball/v1.0.9,v1.0.9,https://api.github.com/repos/atom/atom/commits/c0b4181b47737f4c1e4d0b32908f86c1d4e5d266,
9cb70ffa46df48f1ba06daeca36389689f4c42f2,https://api.github.com/repos/atom/atom/tarball/v1.0.8,https://api.github.com/repos/atom/atom/zipball/v1.0.8,v1.0.8,https://api.github.com/repos/atom/atom/commits/9cb70ffa46df48f1ba06daeca36389689f4c42f2,
0a6da382cfdb130144c76595f204b78e3aaf1067,https://api.github.com/repos/atom/atom/tarball/v1.0.7,https://api.github.com/repos/atom/atom/zipball/v1.0.7,v1.0.7,https://api.github.com/repos/atom/atom/commits/0a6da382cfdb130144c76595f204b78e3aaf1067,
f7a60c043bc05f38ac868e44a7191c76346e88a9,https://api.github.com/repos/atom/atom/tarball/v1.0.6,https://api.github.com/repos/atom/atom/zipball/v1.0.6,v1.0.6,https://api.github.com/repos/atom/atom/commits/f7a60c043bc05f38ac868e44a7191c76346e88a9,
a76d7a6fba7be896b72f7b0d1d0471116b5ed1d8,https://api.github.com/repos/atom/atom/tarball/v1.0.5,https://api.github.com/repos/atom/atom/zipball/v1.0.5,v1.0.5,https://api.github.com/repos/atom/atom/commits/a76d7a6fba7be896b72f7b0d1d0471116b5ed1d8,
fbe55c3d6d813f8739586cb034e6098087b4e758,https://api.github.com/repos/atom/atom/tarball/v1.0.4,https://api.github.com/repos/atom/atom/zipball/v1.0.4,v1.0.4,https://api.github.com/repos/atom/atom/commits/fbe55c3d6d813f8739586cb034e6098087b4e758,
17d6d9702bfa952249069257e6dbb6c270f16381,https://api.github.com/repos/atom/atom/tarball/v1.0.3,https://api.github.com/repos/atom/atom/zipball/v1.0.3,v1.0.3,https://api.github.com/repos/atom/atom/commits/17d6d9702bfa952249069257e6dbb6c270f16381,
943259800bbc82bb694207840cba30aa7b09f02c,https://api.github.com/repos/atom/atom/tarball/v1.0.2,https://api.github.com/repos/atom/atom/zipball/v1.0.2,v1.0.2,https://api.github.com/repos/atom/atom/commits/943259800bbc82bb694207840cba30aa7b09f02c,
a094142a456c7a58e9423ff7230e5455e968a2fb,https://api.github.com/repos/atom/atom/tarball/v1.0.1,https://api.github.com/repos/atom/atom/zipball/v1.0.1,v1.0.1,https://api.github.com/repos/atom/atom/commits/a094142a456c7a58e9423ff7230e5455e968a2fb,
38745761e2b67d613d7104808a5c8f50b0abf474,https://api.github.com/repos/atom/atom/tarball/v1.0.0,https://api.github.com/repos/atom/atom/zipball/v1.0.0,v1.0.0,https://api.github.com/repos/atom/atom/commits/38745761e2b67d613d7104808a5c8f50b0abf474,
1a3441a503874c67085221b8e227bb01216dd282,https://api.github.com/repos/atom/atom/tarball/v0.211.0,https://api.github.com/repos/atom/atom/zipball/v0.211.0,v0.211.0,https://api.github.com/repos/atom/atom/commits/1a3441a503874c67085221b8e227bb01216dd282,
17235e706b51114f51d31e788bf489bc3a6528ef,https://api.github.com/repos/atom/atom/tarball/v0.210.0,https://api.github.com/repos/atom/atom/zipball/v0.210.0,v0.210.0,https://api.github.com/repos/atom/atom/commits/17235e706b51114f51d31e788bf489bc3a6528ef,
d965eb77aa00f3af8daa94bd347cdaea3a703333,https://api.github.com/repos/atom/atom/tarball/v0.209.0,https://api.github.com/repos/atom/atom/zipball/v0.209.0,v0.209.0,https://api.github.com/repos/atom/atom/commits/d965eb77aa00f3af8daa94bd347cdaea3a703333,
cecd23397e852a1fe1dcea9dd62116f6f51a212a,https://api.github.com/repos/atom/atom/tarball/v0.208.0,https://api.github.com/repos/atom/atom/zipball/v0.208.0,v0.208.0,https://api.github.com/repos/atom/atom/commits/cecd23397e852a1fe1dcea9dd62116f6f51a212a,
2337254afbe827b8bea2b7819800c9aa663de687,https://api.github.com/repos/atom/atom/tarball/v0.207.0,https://api.github.com/repos/atom/atom/zipball/v0.207.0,v0.207.0,https://api.github.com/repos/atom/atom/commits/2337254afbe827b8bea2b7819800c9aa663de687,
5793919f3b981e664b7a9a89234a9587863ed94b,https://api.github.com/repos/atom/atom/tarball/v0.206.0,https://api.github.com/repos/atom/atom/zipball/v0.206.0,v0.206.0,https://api.github.com/repos/atom/atom/commits/5793919f3b981e664b7a9a89234a9587863ed94b,
b8d007906d13b0289f88227bff46198576303d82,https://api.github.com/repos/atom/atom/tarball/v0.205.0,https://api.github.com/repos/atom/atom/zipball/v0.205.0,v0.205.0,https://api.github.com/repos/atom/atom/commits/b8d007906d13b0289f88227bff46198576303d82,
67f9d502264fb63c284d233c86cf0977c552b478,https://api.github.com/repos/atom/atom/tarball/v0.204.0,https://api.github.com/repos/atom/atom/zipball/v0.204.0,v0.204.0,https://api.github.com/repos/atom/atom/commits/67f9d502264fb63c284d233c86cf0977c552b478,
027353375c91faa70a674829049738631e2920c9,https://api.github.com/repos/atom/atom/tarball/v0.203.0,https://api.github.com/repos/atom/atom/zipball/v0.203.0,v0.203.0,https://api.github.com/repos/atom/atom/commits/027353375c91faa70a674829049738631e2920c9,
6dad5615d9eaf299ed08127f4b9b7638032fb741,https://api.github.com/repos/atom/atom/tarball/v0.202.0,https://api.github.com/repos/atom/atom/zipball/v0.202.0,v0.202.0,https://api.github.com/repos/atom/atom/commits/6dad5615d9eaf299ed08127f4b9b7638032fb741,
6adbdee3599f322b86a2eea68abfb47303b12b5a,https://api.github.com/repos/atom/atom/tarball/v0.201.0,https://api.github.com/repos/atom/atom/zipball/v0.201.0,v0.201.0,https://api.github.com/repos/atom/atom/commits/6adbdee3599f322b86a2eea68abfb47303b12b5a,
e2f757ea01a7986a463839cf675811bc5adeb58b,https://api.github.com/repos/atom/atom/tarball/v0.200.0,https://api.github.com/repos/atom/atom/zipball/v0.200.0,v0.200.0,https://api.github.com/repos/atom/atom/commits/e2f757ea01a7986a463839cf675811bc5adeb58b,
f48351ed6a762995406ea5604fda2b7d6d761405,https://api.github.com/repos/atom/atom/tarball/v0.199.0,https://api.github.com/repos/atom/atom/zipball/v0.199.0,v0.199.0,https://api.github.com/repos/atom/atom/commits/f48351ed6a762995406ea5604fda2b7d6d761405,
4f5e9b114d6ecac8762c69ef58bb42fd002670fb,https://api.github.com/repos/atom/atom/tarball/v0.198.0,https://api.github.com/repos/atom/atom/zipball/v0.198.0,v0.198.0,https://api.github.com/repos/atom/atom/commits/4f5e9b114d6ecac8762c69ef58bb42fd002670fb,
a79a8fa60456a0c41d63c517fdff785b0f4f0a0a,https://api.github.com/repos/atom/atom/tarball/v0.197.0,https://api.github.com/repos/atom/atom/zipball/v0.197.0,v0.197.0,https://api.github.com/repos/atom/atom/commits/a79a8fa60456a0c41d63c517fdff785b0f4f0a0a,
cf9b00cc8c67b6884487cc9b9bb82c5821fc1922,https://api.github.com/repos/atom/atom/tarball/v0.196.0,https://api.github.com/repos/atom/atom/zipball/v0.196.0,v0.196.0,https://api.github.com/repos/atom/atom/commits/cf9b00cc8c67b6884487cc9b9bb82c5821fc1922,
df8c462a20a694cea08286a13423b0bd786eb913,https://api.github.com/repos/atom/atom/tarball/v0.195.0,https://api.github.com/repos/atom/atom/zipball/v0.195.0,v0.195.0,https://api.github.com/repos/atom/atom/commits/df8c462a20a694cea08286a13423b0bd786eb913,
c2fc850e315620c0cad6d65838f7f5a94f378c79,https://api.github.com/repos/atom/atom/tarball/v0.194.0,https://api.github.com/repos/atom/atom/zipball/v0.194.0,v0.194.0,https://api.github.com/repos/atom/atom/commits/c2fc850e315620c0cad6d65838f7f5a94f378c79,
c795879e0c2632ecb5d0f0a0aea39fd8736c9072,https://api.github.com/repos/atom/atom/tarball/v0.193.0,https://api.github.com/repos/atom/atom/zipball/v0.193.0,v0.193.0,https://api.github.com/repos/atom/atom/commits/c795879e0c2632ecb5d0f0a0aea39fd8736c9072,
9a0c3f94a9c455a7f84af2d0955cb0ade89c618c,https://api.github.com/repos/atom/atom/tarball/v0.192.0,https://api.github.com/repos/atom/atom/zipball/v0.192.0,v0.192.0,https://api.github.com/repos/atom/atom/commits/9a0c3f94a9c455a7f84af2d0955cb0ade89c618c,
8875746f771765c52b75d9e22532c35758cfaae8,https://api.github.com/repos/atom/atom/tarball/v0.191.0,https://api.github.com/repos/atom/atom/zipball/v0.191.0,v0.191.0,https://api.github.com/repos/atom/atom/commits/8875746f771765c52b75d9e22532c35758cfaae8,
d9f0f237a0cb51b6fc06c687a2a485c9cf2c66a4,https://api.github.com/repos/atom/atom/tarball/v0.190.0,https://api.github.com/repos/atom/atom/zipball/v0.190.0,v0.190.0,https://api.github.com/repos/atom/atom/commits/d9f0f237a0cb51b6fc06c687a2a485c9cf2c66a4,
f6a59621b856795bc72f40914bb66af34593bd0c,https://api.github.com/repos/atom/atom/tarball/v0.189.0,https://api.github.com/repos/atom/atom/zipball/v0.189.0,v0.189.0,https://api.github.com/repos/atom/atom/commits/f6a59621b856795bc72f40914bb66af34593bd0c,
d462895136fa9e8b750dbfc625aa19a863c86680,https://api.github.com/repos/atom/atom/tarball/v0.188.0,https://api.github.com/repos/atom/atom/zipball/v0.188.0,v0.188.0,https://api.github.com/repos/atom/atom/commits/d462895136fa9e8b750dbfc625aa19a863c86680,
abf368e9c02cf184dce1b978028ce157b672bc7c,https://api.github.com/repos/atom/atom/tarball/v0.187.0,https://api.github.com/repos/atom/atom/zipball/v0.187.0,v0.187.0,https://api.github.com/repos/atom/atom/commits/abf368e9c02cf184dce1b978028ce157b672bc7c,
5f7015f30386d6c396acfb1e5c587a999f5d7c5e,https://api.github.com/repos/atom/atom/tarball/v0.186.0,https://api.github.com/repos/atom/atom/zipball/v0.186.0,v0.186.0,https://api.github.com/repos/atom/atom/commits/5f7015f30386d6c396acfb1e5c587a999f5d7c5e,
3296a3f9e841712b1803f89f1f993264d3bace4f,https://api.github.com/repos/atom/atom/tarball/v0.185.0,https://api.github.com/repos/atom/atom/zipball/v0.185.0,v0.185.0,https://api.github.com/repos/atom/atom/commits/3296a3f9e841712b1803f89f1f993264d3bace4f,
5aaf3efa81ae32698353ffb815706e78b8b1b685,https://api.github.com/repos/atom/atom/tarball/v0.184.0,https://api.github.com/repos/atom/atom/zipball/v0.184.0,v0.184.0,https://api.github.com/repos/atom/atom/commits/5aaf3efa81ae32698353ffb815706e78b8b1b685,
ee30682c56ff6c638915cca69198bc93bdb53a54,https://api.github.com/repos/atom/atom/tarball/v0.183.0,https://api.github.com/repos/atom/atom/zipball/v0.183.0,v0.183.0,https://api.github.com/repos/atom/atom/commits/ee30682c56ff6c638915cca69198bc93bdb53a54,
d1e6dba2c9abb71b2767531d45679a99bf6ea24b,https://api.github.com/repos/atom/atom/tarball/v0.182.0,https://api.github.com/repos/atom/atom/zipball/v0.182.0,v0.182.0,https://api.github.com/repos/atom/atom/commits/d1e6dba2c9abb71b2767531d45679a99bf6ea24b,
8c3988a7901025093228cd67bec817575c446a83,https://api.github.com/repos/atom/atom/tarball/v0.181.0,https://api.github.com/repos/atom/atom/zipball/v0.181.0,v0.181.0,https://api.github.com/repos/atom/atom/commits/8c3988a7901025093228cd67bec817575c446a83,
7fcec6e3c3ac3f153ea5b10e5892a48fd6ea46a7,https://api.github.com/repos/atom/atom/tarball/v0.180.0,https://api.github.com/repos/atom/atom/zipball/v0.180.0,v0.180.0,https://api.github.com/repos/atom/atom/commits/7fcec6e3c3ac3f153ea5b10e5892a48fd6ea46a7,
baf6795195330df40cd7a39efff389751a3629f3,https://api.github.com/repos/atom/atom/tarball/v0.179.0,https://api.github.com/repos/atom/atom/zipball/v0.179.0,v0.179.0,https://api.github.com/repos/atom/atom/commits/baf6795195330df40cd7a39efff389751a3629f3,
7f0110f49ed975b69cbaff03fdcddd6e6b9c50db,https://api.github.com/repos/atom/atom/tarball/v0.178.0,https://api.github.com/repos/atom/atom/zipball/v0.178.0,v0.178.0,https://api.github.com/repos/atom/atom/commits/7f0110f49ed975b69cbaff03fdcddd6e6b9c50db,
5cae6f20c448fddea5dd8beeae1b26df77b05919,https://api.github.com/repos/atom/atom/tarball/v0.177.0,https://api.github.com/repos/atom/atom/zipball/v0.177.0,v0.177.0,https://api.github.com/repos/atom/atom/commits/5cae6f20c448fddea5dd8beeae1b26df77b05919,
6169caa1fb5f22d4d854de55fe3950218e96b72d,https://api.github.com/repos/atom/atom/tarball/v0.176.0,https://api.github.com/repos/atom/atom/zipball/v0.176.0,v0.176.0,https://api.github.com/repos/atom/atom/commits/6169caa1fb5f22d4d854de55fe3950218e96b72d,
f9fe317298ac763ee4419c64c05c14d4eb423c32,https://api.github.com/repos/atom/atom/tarball/v0.175.0,https://api.github.com/repos/atom/atom/zipball/v0.175.0,v0.175.0,https://api.github.com/repos/atom/atom/commits/f9fe317298ac763ee4419c64c05c14d4eb423c32,
2f765974f83235e84bc0db39c3df8fc8b6958cea,https://api.github.com/repos/atom/atom/tarball/v0.174.0,https://api.github.com/repos/atom/atom/zipball/v0.174.0,v0.174.0,https://api.github.com/repos/atom/atom/commits/2f765974f83235e84bc0db39c3df8fc8b6958cea,
058005afdfbb50190cc07c98c738fdde7d117ec8,https://api.github.com/repos/atom/atom/tarball/v0.173.0,https://api.github.com/repos/atom/atom/zipball/v0.173.0,v0.173.0,https://api.github.com/repos/atom/atom/commits/058005afdfbb50190cc07c98c738fdde7d117ec8,
366ded2f5ee079c5f5984ea9b6fbfd494cd26035,https://api.github.com/repos/atom/atom/tarball/v0.172.0,https://api.github.com/repos/atom/atom/zipball/v0.172.0,v0.172.0,https://api.github.com/repos/atom/atom/commits/366ded2f5ee079c5f5984ea9b6fbfd494cd26035,
98fe40546e373d7e79ab5f5ca03fcd4e1b2f3a6d,https://api.github.com/repos/atom/atom/tarball/v0.171.0,https://api.github.com/repos/atom/atom/zipball/v0.171.0,v0.171.0,https://api.github.com/repos/atom/atom/commits/98fe40546e373d7e79ab5f5ca03fcd4e1b2f3a6d,
b39cee3997fb08d23128d86487c018c1a29fc534,https://api.github.com/repos/atom/atom/tarball/v0.170.0,https://api.github.com/repos/atom/atom/zipball/v0.170.0,v0.170.0,https://api.github.com/repos/atom/atom/commits/b39cee3997fb08d23128d86487c018c1a29fc534,
8fa6fdb90cefcad7482808ded81dbb3e9616d211,https://api.github.com/repos/atom/atom/tarball/v0.169.0,https://api.github.com/repos/atom/atom/zipball/v0.169.0,v0.169.0,https://api.github.com/repos/atom/atom/commits/8fa6fdb90cefcad7482808ded81dbb3e9616d211,
a40632274828b9441942abe2c7a2975fd8581ace,https://api.github.com/repos/atom/atom/tarball/v0.168.0,https://api.github.com/repos/atom/atom/zipball/v0.168.0,v0.168.0,https://api.github.com/repos/atom/atom/commits/a40632274828b9441942abe2c7a2975fd8581ace,
82527c24f24ba03037558129a96cf33fba5b6572,https://api.github.com/repos/atom/atom/tarball/v0.167.0,https://api.github.com/repos/atom/atom/zipball/v0.167.0,v0.167.0,https://api.github.com/repos/atom/atom/commits/82527c24f24ba03037558129a96cf33fba5b6572,
a8b5960bc088fc6068218e88e880dcf11f5712cd,https://api.github.com/repos/atom/atom/tarball/v0.166.0,https://api.github.com/repos/atom/atom/zipball/v0.166.0,v0.166.0,https://api.github.com/repos/atom/atom/commits/a8b5960bc088fc6068218e88e880dcf11f5712cd,
85456ad9203e8ef390a9f51924bb1f7b0d77ef6d,https://api.github.com/repos/atom/atom/tarball/v0.165.0,https://api.github.com/repos/atom/atom/zipball/v0.165.0,v0.165.0,https://api.github.com/repos/atom/atom/commits/85456ad9203e8ef390a9f51924bb1f7b0d77ef6d,
bae903a772edf9b731ba5c31036f8029872b2eb9,https://api.github.com/repos/atom/atom/tarball/v0.164.0,https://api.github.com/repos/atom/atom/zipball/v0.164.0,v0.164.0,https://api.github.com/repos/atom/atom/commits/bae903a772edf9b731ba5c31036f8029872b2eb9,
d5c8956d3811e52ade6d384b9b5958f7a46782dd,https://api.github.com/repos/atom/atom/tarball/v0.163.0,https://api.github.com/repos/atom/atom/zipball/v0.163.0,v0.163.0,https://api.github.com/repos/atom/atom/commits/d5c8956d3811e52ade6d384b9b5958f7a46782dd,
b9b7646d4bccd4b7a0814fb62b574ec012f6ae23,https://api.github.com/repos/atom/atom/tarball/v0.162.0,https://api.github.com/repos/atom/atom/zipball/v0.162.0,v0.162.0,https://api.github.com/repos/atom/atom/commits/b9b7646d4bccd4b7a0814fb62b574ec012f6ae23,
f866e6970447a5137a3382f53c299fcbafb5d544,https://api.github.com/repos/atom/atom/tarball/v0.161.0,https://api.github.com/repos/atom/atom/zipball/v0.161.0,v0.161.0,https://api.github.com/repos/atom/atom/commits/f866e6970447a5137a3382f53c299fcbafb5d544,
dc2a4539862decbbfdb550bac76d61e4d47128e0,https://api.github.com/repos/atom/atom/tarball/v0.160.0,https://api.github.com/repos/atom/atom/zipball/v0.160.0,v0.160.0,https://api.github.com/repos/atom/atom/commits/dc2a4539862decbbfdb550bac76d61e4d47128e0,
1b393e4f485138fec8ccab9c0c7075111fa216e1,https://api.github.com/repos/atom/atom/tarball/v0.159.0,https://api.github.com/repos/atom/atom/zipball/v0.159.0,v0.159.0,https://api.github.com/repos/atom/atom/commits/1b393e4f485138fec8ccab9c0c7075111fa216e1,
9459bd15a2454d5fc2fb6dab841a2c9e120e0500,https://api.github.com/repos/atom/atom/tarball/v0.158.0,https://api.github.com/repos/atom/atom/zipball/v0.158.0,v0.158.0,https://api.github.com/repos/atom/atom/commits/9459bd15a2454d5fc2fb6dab841a2c9e120e0500,
87efc7e1df1a2b64b2dab9d6f5be7512ea84fe65,https://api.github.com/repos/atom/atom/tarball/v0.157.0,https://api.github.com/repos/atom/atom/zipball/v0.157.0,v0.157.0,https://api.github.com/repos/atom/atom/commits/87efc7e1df1a2b64b2dab9d6f5be7512ea84fe65,
5950110860fa9117e9155ef7e782b4a931977fd9,https://api.github.com/repos/atom/atom/tarball/v0.156.0,https://api.github.com/repos/atom/atom/zipball/v0.156.0,v0.156.0,https://api.github.com/repos/atom/atom/commits/5950110860fa9117e9155ef7e782b4a931977fd9,
b386b00bc05e65660a42540b0d98e4cfd932fd45,https://api.github.com/repos/atom/atom/tarball/v0.155.0,https://api.github.com/repos/atom/atom/zipball/v0.155.0,v0.155.0,https://api.github.com/repos/atom/atom/commits/b386b00bc05e65660a42540b0d98e4cfd932fd45,
88c119f4ad24e28f5f728f4871ec971147cdd61c,https://api.github.com/repos/atom/atom/tarball/v0.154.0,https://api.github.com/repos/atom/atom/zipball/v0.154.0,v0.154.0,https://api.github.com/repos/atom/atom/commits/88c119f4ad24e28f5f728f4871ec971147cdd61c,
d1e9ad3ed128f09565c842e2650bfbf129b6272f,https://api.github.com/repos/atom/atom/tarball/v0.153.0,https://api.github.com/repos/atom/atom/zipball/v0.153.0,v0.153.0,https://api.github.com/repos/atom/atom/commits/d1e9ad3ed128f09565c842e2650bfbf129b6272f,
8cf24bc7deba1b2394c5f265677c32ce0ec649fe,https://api.github.com/repos/atom/atom/tarball/v0.152.0,https://api.github.com/repos/atom/atom/zipball/v0.152.0,v0.152.0,https://api.github.com/repos/atom/atom/commits/8cf24bc7deba1b2394c5f265677c32ce0ec649fe,
b95b86396e40562f07b8256057e5223c31694586,https://api.github.com/repos/atom/atom/tarball/v0.151.0,https://api.github.com/repos/atom/atom/zipball/v0.151.0,v0.151.0,https://api.github.com/repos/atom/atom/commits/b95b86396e40562f07b8256057e5223c31694586,
00027e892c8cc977727f86e5ea6b4bb9de8d9800,https://api.github.com/repos/atom/atom/tarball/v0.150.0,https://api.github.com/repos/atom/atom/zipball/v0.150.0,v0.150.0,https://api.github.com/repos/atom/atom/commits/00027e892c8cc977727f86e5ea6b4bb9de8d9800,
46ff794c8bcf861fb34ebab222fe28df48b6d7cc,https://api.github.com/repos/atom/atom/tarball/v0.149.0,https://api.github.com/repos/atom/atom/zipball/v0.149.0,v0.149.0,https://api.github.com/repos/atom/atom/commits/46ff794c8bcf861fb34ebab222fe28df48b6d7cc,
a25920da724ceeb18427021e005922de2bd0b67f,https://api.github.com/repos/atom/atom/tarball/v0.148.0,https://api.github.com/repos/atom/atom/zipball/v0.148.0,v0.148.0,https://api.github.com/repos/atom/atom/commits/a25920da724ceeb18427021e005922de2bd0b67f,
52b5fff5370314a392dd446af5f9dead92d19452,https://api.github.com/repos/atom/atom/tarball/v0.147.0,https://api.github.com/repos/atom/atom/zipball/v0.147.0,v0.147.0,https://api.github.com/repos/atom/atom/commits/52b5fff5370314a392dd446af5f9dead92d19452,
2ee3ab8577a3d3fe6d39f9ee83ed6f149778befe,https://api.github.com/repos/atom/atom/tarball/v0.146.0,https://api.github.com/repos/atom/atom/zipball/v0.146.0,v0.146.0,https://api.github.com/repos/atom/atom/commits/2ee3ab8577a3d3fe6d39f9ee83ed6f149778befe,
43acb99f861328a0c0946fd2452f918ead2ea770,https://api.github.com/repos/atom/atom/tarball/v0.145.0,https://api.github.com/repos/atom/atom/zipball/v0.145.0,v0.145.0,https://api.github.com/repos/atom/atom/commits/43acb99f861328a0c0946fd2452f918ead2ea770,
dc6e825edd8363fa4d789cde1e813ac16d2b9411,https://api.github.com/repos/atom/atom/tarball/v0.144.0,https://api.github.com/repos/atom/atom/zipball/v0.144.0,v0.144.0,https://api.github.com/repos/atom/atom/commits/dc6e825edd8363fa4d789cde1e813ac16d2b9411,
b4d38d14e36859a2a1d4013e14ab2f12197827cc,https://api.github.com/repos/atom/atom/tarball/v0.143.0,https://api.github.com/repos/atom/atom/zipball/v0.143.0,v0.143.0,https://api.github.com/repos/atom/atom/commits/b4d38d14e36859a2a1d4013e14ab2f12197827cc,
9458db0c1f572130a7a0252919cd4184e30f7535,https://api.github.com/repos/atom/atom/tarball/v0.142.0,https://api.github.com/repos/atom/atom/zipball/v0.142.0,v0.142.0,https://api.github.com/repos/atom/atom/commits/9458db0c1f572130a7a0252919cd4184e30f7535,
205095a198e0dd9bf7cf66fbeaff68bd1c6ddaee,https://api.github.com/repos/atom/atom/tarball/v0.141.0,https://api.github.com/repos/atom/atom/zipball/v0.141.0,v0.141.0,https://api.github.com/repos/atom/atom/commits/205095a198e0dd9bf7cf66fbeaff68bd1c6ddaee,
02d20e3155821b093e82fa4998cd61a4d28f3d60,https://api.github.com/repos/atom/atom/tarball/v0.140.0,https://api.github.com/repos/atom/atom/zipball/v0.140.0,v0.140.0,https://api.github.com/repos/atom/atom/commits/02d20e3155821b093e82fa4998cd61a4d28f3d60,
dfc0df42b203f991376968fc49cae8c8999ecf2a,https://api.github.com/repos/atom/atom/tarball/v0.139.0,https://api.github.com/repos/atom/atom/zipball/v0.139.0,v0.139.0,https://api.github.com/repos/atom/atom/commits/dfc0df42b203f991376968fc49cae8c8999ecf2a,
8925d309b0f6deeec50b8b0c070d2179af59f825,https://api.github.com/repos/atom/atom/tarball/v0.138.0,https://api.github.com/repos/atom/atom/zipball/v0.138.0,v0.138.0,https://api.github.com/repos/atom/atom/commits/8925d309b0f6deeec50b8b0c070d2179af59f825,
bfbc0b1c46cec75ca8d9bdc5d92f59f81eccb6e7,https://api.github.com/repos/atom/atom/tarball/v0.137.0,https://api.github.com/repos/atom/atom/zipball/v0.137.0,v0.137.0,https://api.github.com/repos/atom/atom/commits/bfbc0b1c46cec75ca8d9bdc5d92f59f81eccb6e7,
0b2599565ea424d1454ffe436e5622102444c9d8,https://api.github.com/repos/atom/atom/tarball/v0.136.0,https://api.github.com/repos/atom/atom/zipball/v0.136.0,v0.136.0,https://api.github.com/repos/atom/atom/commits/0b2599565ea424d1454ffe436e5622102444c9d8,
a1dc7daf484ba20a35df9b847985fd6e2ca0ced7,https://api.github.com/repos/atom/atom/tarball/v0.135.0,https://api.github.com/repos/atom/atom/zipball/v0.135.0,v0.135.0,https://api.github.com/repos/atom/atom/commits/a1dc7daf484ba20a35df9b847985fd6e2ca0ced7,
0fafc21bc8849e8811dadc40a4e579060cdb5022,https://api.github.com/repos/atom/atom/tarball/v0.134.0,https://api.github.com/repos/atom/atom/zipball/v0.134.0,v0.134.0,https://api.github.com/repos/atom/atom/commits/0fafc21bc8849e8811dadc40a4e579060cdb5022,
1f4359d4295c71e46188f80841b0ee0695ccc257,https://api.github.com/repos/atom/atom/tarball/v0.133.0,https://api.github.com/repos/atom/atom/zipball/v0.133.0,v0.133.0,https://api.github.com/repos/atom/atom/commits/1f4359d4295c71e46188f80841b0ee0695ccc257,
d1ba8b0140c37c07ae2b7a96837e2198448ef665,https://api.github.com/repos/atom/atom/tarball/v0.132.0,https://api.github.com/repos/atom/atom/zipball/v0.132.0,v0.132.0,https://api.github.com/repos/atom/atom/commits/d1ba8b0140c37c07ae2b7a96837e2198448ef665,
371e25af6929dbe47f0eb423bfc6175e396ee778,https://api.github.com/repos/atom/atom/tarball/v0.131.0,https://api.github.com/repos/atom/atom/zipball/v0.131.0,v0.131.0,https://api.github.com/repos/atom/atom/commits/371e25af6929dbe47f0eb423bfc6175e396ee778,
90ff3f585dc978b02d311c3f2dd7cd60c0116bec,https://api.github.com/repos/atom/atom/tarball/v0.130.0,https://api.github.com/repos/atom/atom/zipball/v0.130.0,v0.130.0,https://api.github.com/repos/atom/atom/commits/90ff3f585dc978b02d311c3f2dd7cd60c0116bec,
16c9c419787403cdba2e0fde7da3504063d49db0,https://api.github.com/repos/atom/atom/tarball/v0.129.0,https://api.github.com/repos/atom/atom/zipball/v0.129.0,v0.129.0,https://api.github.com/repos/atom/atom/commits/16c9c419787403cdba2e0fde7da3504063d49db0,
dc88f080a3bb49dead6b28601277357e4472678a,https://api.github.com/repos/atom/atom/tarball/v0.128.0,https://api.github.com/repos/atom/atom/zipball/v0.128.0,v0.128.0,https://api.github.com/repos/atom/atom/commits/dc88f080a3bb49dead6b28601277357e4472678a,
834176f7b7ed3141d0c395657f13fabbb0202999,https://api.github.com/repos/atom/atom/tarball/v0.127.0,https://api.github.com/repos/atom/atom/zipball/v0.127.0,v0.127.0,https://api.github.com/repos/atom/atom/commits/834176f7b7ed3141d0c395657f13fabbb0202999,
883f7e1f5ab539f418d61374e38394072743ef19,https://api.github.com/repos/atom/atom/tarball/v0.126.0,https://api.github.com/repos/atom/atom/zipball/v0.126.0,v0.126.0,https://api.github.com/repos/atom/atom/commits/883f7e1f5ab539f418d61374e38394072743ef19,
f6bb7fc08969544c206d2cd0ea7a2864ed7b6967,https://api.github.com/repos/atom/atom/tarball/v0.125.0,https://api.github.com/repos/atom/atom/zipball/v0.125.0,v0.125.0,https://api.github.com/repos/atom/atom/commits/f6bb7fc08969544c206d2cd0ea7a2864ed7b6967,
48f161b63ad495a79e46f8ac3253bf9bf45d39d6,https://api.github.com/repos/atom/atom/tarball/v0.124.0,https://api.github.com/repos/atom/atom/zipball/v0.124.0,v0.124.0,https://api.github.com/repos/atom/atom/commits/48f161b63ad495a79e46f8ac3253bf9bf45d39d6,
3ff8f3586392c4291caf9a581c0169e3cd8ca32d,https://api.github.com/repos/atom/atom/tarball/v0.123.0,https://api.github.com/repos/atom/atom/zipball/v0.123.0,v0.123.0,https://api.github.com/repos/atom/atom/commits/3ff8f3586392c4291caf9a581c0169e3cd8ca32d,
eabad3dcef050e297c5f8c65518216e6fe2cda57,https://api.github.com/repos/atom/atom/tarball/v0.122.0,https://api.github.com/repos/atom/atom/zipball/v0.122.0,v0.122.0,https://api.github.com/repos/atom/atom/commits/eabad3dcef050e297c5f8c65518216e6fe2cda57,
59fb4a839edca12fcd634bf7675b920e08cef619,https://api.github.com/repos/atom/atom/tarball/v0.121.0,https://api.github.com/repos/atom/atom/zipball/v0.121.0,v0.121.0,https://api.github.com/repos/atom/atom/commits/59fb4a839edca12fcd634bf7675b920e08cef619,
b3c241757801cf7a90d9e119f42e7a8ac498db10,https://api.github.com/repos/atom/atom/tarball/v0.120.0,https://api.github.com/repos/atom/atom/zipball/v0.120.0,v0.120.0,https://api.github.com/repos/atom/atom/commits/b3c241757801cf7a90d9e119f42e7a8ac498db10,
736952d0a22eba922c5c04baac2876ef7e806315,https://api.github.com/repos/atom/atom/tarball/v0.119.0,https://api.github.com/repos/atom/atom/zipball/v0.119.0,v0.119.0,https://api.github.com/repos/atom/atom/commits/736952d0a22eba922c5c04baac2876ef7e806315,
c03d34f5355b6bb317890271a2b49af2064297df,https://api.github.com/repos/atom/atom/tarball/v0.118.0,https://api.github.com/repos/atom/atom/zipball/v0.118.0,v0.118.0,https://api.github.com/repos/atom/atom/commits/c03d34f5355b6bb317890271a2b49af2064297df,
d1a610dcb67dce20d1989a54e113ff415928af4f,https://api.github.com/repos/atom/atom/tarball/v0.117.0,https://api.github.com/repos/atom/atom/zipball/v0.117.0,v0.117.0,https://api.github.com/repos/atom/atom/commits/d1a610dcb67dce20d1989a54e113ff415928af4f,
2e4893c78691141e002dde9dfc630214dcbf84f6,https://api.github.com/repos/atom/atom/tarball/v0.116.0,https://api.github.com/repos/atom/atom/zipball/v0.116.0,v0.116.0,https://api.github.com/repos/atom/atom/commits/2e4893c78691141e002dde9dfc630214dcbf84f6,
4155c53bd66817018a32d4f3a8caa6d983fc8cfa,https://api.github.com/repos/atom/atom/tarball/v0.115.0,https://api.github.com/repos/atom/atom/zipball/v0.115.0,v0.115.0,https://api.github.com/repos/atom/atom/commits/4155c53bd66817018a32d4f3a8caa6d983fc8cfa,
92d16a9d0ad8b5d98a33a12672e8ee8c76261109,https://api.github.com/repos/atom/atom/tarball/v0.114.0,https://api.github.com/repos/atom/atom/zipball/v0.114.0,v0.114.0,https://api.github.com/repos/atom/atom/commits/92d16a9d0ad8b5d98a33a12672e8ee8c76261109,
c20a4a308472a5e56c15d432aab699be200d0465,https://api.github.com/repos/atom/atom/tarball/v0.113.0,https://api.github.com/repos/atom/atom/zipball/v0.113.0,v0.113.0,https://api.github.com/repos/atom/atom/commits/c20a4a308472a5e56c15d432aab699be200d0465,
2602e6ec0ab9bcb6f2af44dce01355f6082e62e1,https://api.github.com/repos/atom/atom/tarball/v0.112.0,https://api.github.com/repos/atom/atom/zipball/v0.112.0,v0.112.0,https://api.github.com/repos/atom/atom/commits/2602e6ec0ab9bcb6f2af44dce01355f6082e62e1,
8d479328ecef7129d438d7b6f0a83891de2618e9,https://api.github.com/repos/atom/atom/tarball/v0.111.0,https://api.github.com/repos/atom/atom/zipball/v0.111.0,v0.111.0,https://api.github.com/repos/atom/atom/commits/8d479328ecef7129d438d7b6f0a83891de2618e9,
eda55156e5f1b9243c99c650878a33e729c59829,https://api.github.com/repos/atom/atom/tarball/v0.110.0,https://api.github.com/repos/atom/atom/zipball/v0.110.0,v0.110.0,https://api.github.com/repos/atom/atom/commits/eda55156e5f1b9243c99c650878a33e729c59829,
b83f908e28775bc736e2113580bfbfe2d88cb789,https://api.github.com/repos/atom/atom/tarball/v0.109.0,https://api.github.com/repos/atom/atom/zipball/v0.109.0,v0.109.0,https://api.github.com/repos/atom/atom/commits/b83f908e28775bc736e2113580bfbfe2d88cb789,
758abf8c8a61701ba6931fb77377503c39f56763,https://api.github.com/repos/atom/atom/tarball/v0.108.0,https://api.github.com/repos/atom/atom/zipball/v0.108.0,v0.108.0,https://api.github.com/repos/atom/atom/commits/758abf8c8a61701ba6931fb77377503c39f56763,
a92eed5107d455e8a893b72e999b6dc235dda699,https://api.github.com/repos/atom/atom/tarball/v0.107.0,https://api.github.com/repos/atom/atom/zipball/v0.107.0,v0.107.0,https://api.github.com/repos/atom/atom/commits/a92eed5107d455e8a893b72e999b6dc235dda699,
88df4d2f3e878b447e547f90554f2c7d0abf584c,https://api.github.com/repos/atom/atom/tarball/v0.106.0,https://api.github.com/repos/atom/atom/zipball/v0.106.0,v0.106.0,https://api.github.com/repos/atom/atom/commits/88df4d2f3e878b447e547f90554f2c7d0abf584c,
1e1f4cf1737a931fb4b14d822d69a495a29de3c7,https://api.github.com/repos/atom/atom/tarball/v0.105.0,https://api.github.com/repos/atom/atom/zipball/v0.105.0,v0.105.0,https://api.github.com/repos/atom/atom/commits/1e1f4cf1737a931fb4b14d822d69a495a29de3c7,
34b93554c3b9890e9a44a54570fdb4b7067a5eb0,https://api.github.com/repos/atom/atom/tarball/v0.104.0,https://api.github.com/repos/atom/atom/zipball/v0.104.0,v0.104.0,https://api.github.com/repos/atom/atom/commits/34b93554c3b9890e9a44a54570fdb4b7067a5eb0,
d8d378e0832d52d505bc92367b61a32bc010911a,https://api.github.com/repos/atom/atom/tarball/v0.103.0,https://api.github.com/repos/atom/atom/zipball/v0.103.0,v0.103.0,https://api.github.com/repos/atom/atom/commits/d8d378e0832d52d505bc92367b61a32bc010911a,
7ae6cba3372284218a371872981c5c9b403c3be4,https://api.github.com/repos/atom/atom/tarball/v0.102.0,https://api.github.com/repos/atom/atom/zipball/v0.102.0,v0.102.0,https://api.github.com/repos/atom/atom/commits/7ae6cba3372284218a371872981c5c9b403c3be4,
7ca62774037b98132d7cfd8e6753d53571eb77a7,https://api.github.com/repos/atom/atom/tarball/v0.101.0,https://api.github.com/repos/atom/atom/zipball/v0.101.0,v0.101.0,https://api.github.com/repos/atom/atom/commits/7ca62774037b98132d7cfd8e6753d53571eb77a7,
d2d63d3241a4e038391e2a885093ed7ee1105e9b,https://api.github.com/repos/atom/atom/tarball/v0.100.0,https://api.github.com/repos/atom/atom/zipball/v0.100.0,v0.100.0,https://api.github.com/repos/atom/atom/commits/d2d63d3241a4e038391e2a885093ed7ee1105e9b,
ea0773e8fcc42ab83820f4edf9b58e406514d035,https://api.github.com/repos/atom/atom/tarball/v0.99.0,https://api.github.com/repos/atom/atom/zipball/v0.99.0,v0.99.0,https://api.github.com/repos/atom/atom/commits/ea0773e8fcc42ab83820f4edf9b58e406514d035,
2b2d1d87f7131606c2d711314031e84b80ef4df6,https://api.github.com/repos/atom/atom/tarball/v0.98.0,https://api.github.com/repos/atom/atom/zipball/v0.98.0,v0.98.0,https://api.github.com/repos/atom/atom/commits/2b2d1d87f7131606c2d711314031e84b80ef4df6,
fe31d2d28a05db34aad068d9a91360ed016a08e2,https://api.github.com/repos/atom/atom/tarball/v0.97.0,https://api.github.com/repos/atom/atom/zipball/v0.97.0,v0.97.0,https://api.github.com/repos/atom/atom/commits/fe31d2d28a05db34aad068d9a91360ed016a08e2,
314833bbac33bdb7c45594550d8d10559dd2de9c,https://api.github.com/repos/atom/atom/tarball/v0.96.0,https://api.github.com/repos/atom/atom/zipball/v0.96.0,v0.96.0,https://api.github.com/repos/atom/atom/commits/314833bbac33bdb7c45594550d8d10559dd2de9c,
c77a6b10de8d405266dd2aa89043d055618f8265,https://api.github.com/repos/atom/atom/tarball/v0.95.0,https://api.github.com/repos/atom/atom/zipball/v0.95.0,v0.95.0,https://api.github.com/repos/atom/atom/commits/c77a6b10de8d405266dd2aa89043d055618f8265,
806ff4e141f0eb3cf7e9e829f562915fc7f732ed,https://api.github.com/repos/atom/atom/tarball/v0.94.0,https://api.github.com/repos/atom/atom/zipball/v0.94.0,v0.94.0,https://api.github.com/repos/atom/atom/commits/806ff4e141f0eb3cf7e9e829f562915fc7f732ed,
112f90979cd00c2906b78b438173c9d9deb3e97c,https://api.github.com/repos/atom/atom/tarball/v0.93.0,https://api.github.com/repos/atom/atom/zipball/v0.93.0,v0.93.0,https://api.github.com/repos/atom/atom/commits/112f90979cd00c2906b78b438173c9d9deb3e97c,
2ceccf5239a9c39da0db6523936e5887458dbf2e,https://api.github.com/repos/atom/atom/tarball/v0.92.0,https://api.github.com/repos/atom/atom/zipball/v0.92.0,v0.92.0,https://api.github.com/repos/atom/atom/commits/2ceccf5239a9c39da0db6523936e5887458dbf2e,
283966dbb981813dc0ef071c2c9eec6a84aaed30,https://api.github.com/repos/atom/atom/tarball/v0.91.0,https://api.github.com/repos/atom/atom/zipball/v0.91.0,v0.91.0,https://api.github.com/repos/atom/atom/commits/283966dbb981813dc0ef071c2c9eec6a84aaed30,
7d3553659a537074b244f802b3f4d4e8986ab13f,https://api.github.com/repos/atom/atom/tarball/v0.90.0,https://api.github.com/repos/atom/atom/zipball/v0.90.0,v0.90.0,https://api.github.com/repos/atom/atom/commits/7d3553659a537074b244f802b3f4d4e8986ab13f,
1246f8ed206ef96f215f720f67378e38baa4b669,https://api.github.com/repos/atom/atom/tarball/v0.89.0,https://api.github.com/repos/atom/atom/zipball/v0.89.0,v0.89.0,https://api.github.com/repos/atom/atom/commits/1246f8ed206ef96f215f720f67378e38baa4b669,
b6d8d5d100e21342f56be397be8efa6b023765c6,https://api.github.com/repos/atom/atom/tarball/v0.88.0,https://api.github.com/repos/atom/atom/zipball/v0.88.0,v0.88.0,https://api.github.com/repos/atom/atom/commits/b6d8d5d100e21342f56be397be8efa6b023765c6,
34f624c89531fb46297fb6371d04fd5035dc8fef,https://api.github.com/repos/atom/atom/tarball/v0.87.0,https://api.github.com/repos/atom/atom/zipball/v0.87.0,v0.87.0,https://api.github.com/repos/atom/atom/commits/34f624c89531fb46297fb6371d04fd5035dc8fef,
1245835e968523679611b7d532dd12799ad325c7,https://api.github.com/repos/atom/atom/tarball/v0.86.0,https://api.github.com/repos/atom/atom/zipball/v0.86.0,v0.86.0,https://api.github.com/repos/atom/atom/commits/1245835e968523679611b7d532dd12799ad325c7,
9996eb825f4d5159e18fc759768cf7d8e378c64c,https://api.github.com/repos/atom/atom/tarball/v0.85.0,https://api.github.com/repos/atom/atom/zipball/v0.85.0,v0.85.0,https://api.github.com/repos/atom/atom/commits/9996eb825f4d5159e18fc759768cf7d8e378c64c,
79399a3c5a74e7754e49c9302e41d7f798b6626a,https://api.github.com/repos/atom/atom/tarball/v0.84.0,https://api.github.com/repos/atom/atom/zipball/v0.84.0,v0.84.0,https://api.github.com/repos/atom/atom/commits/79399a3c5a74e7754e49c9302e41d7f798b6626a,
1d01ff0797797455db952d52a5e67b84ff455289,https://api.github.com/repos/atom/atom/tarball/v0.83.0,https://api.github.com/repos/atom/atom/zipball/v0.83.0,v0.83.0,https://api.github.com/repos/atom/atom/commits/1d01ff0797797455db952d52a5e67b84ff455289,
86c4b99eabe0692b998d3c21d7ec7ebf20ab603f,https://api.github.com/repos/atom/atom/tarball/v0.82.0,https://api.github.com/repos/atom/atom/zipball/v0.82.0,v0.82.0,https://api.github.com/repos/atom/atom/commits/86c4b99eabe0692b998d3c21d7ec7ebf20ab603f,
5bc339afae334f1fdbc40fe0dc6818453083a49d,https://api.github.com/repos/atom/atom/tarball/v0.81.0,https://api.github.com/repos/atom/atom/zipball/v0.81.0,v0.81.0,https://api.github.com/repos/atom/atom/commits/5bc339afae334f1fdbc40fe0dc6818453083a49d,
0fe4258a4418ece39d8f68db452ef98f13730166,https://api.github.com/repos/atom/atom/tarball/v0.80.0,https://api.github.com/repos/atom/atom/zipball/v0.80.0,v0.80.0,https://api.github.com/repos/atom/atom/commits/0fe4258a4418ece39d8f68db452ef98f13730166,
5b6fe70b7ebf370e7f13ee01ced27c919a71990c,https://api.github.com/repos/atom/atom/tarball/v0.79.0,https://api.github.com/repos/atom/atom/zipball/v0.79.0,v0.79.0,https://api.github.com/repos/atom/atom/commits/5b6fe70b7ebf370e7f13ee01ced27c919a71990c,
0adae86b4d395c8b5a79f0a1111fdf57a047ff3d,https://api.github.com/repos/atom/atom/tarball/v0.78.0,https://api.github.com/repos/atom/atom/zipball/v0.78.0,v0.78.0,https://api.github.com/repos/atom/atom/commits/0adae86b4d395c8b5a79f0a1111fdf57a047ff3d,
a4774ada84b2b1578d0202e8a1aa22f51d9bd287,https://api.github.com/repos/atom/atom/tarball/v0.77.0,https://api.github.com/repos/atom/atom/zipball/v0.77.0,v0.77.0,https://api.github.com/repos/atom/atom/commits/a4774ada84b2b1578d0202e8a1aa22f51d9bd287,
98ea42d8080ba86242fd53f3ff30390d3bf96375,https://api.github.com/repos/atom/atom/tarball/v0.76.0,https://api.github.com/repos/atom/atom/zipball/v0.76.0,v0.76.0,https://api.github.com/repos/atom/atom/commits/98ea42d8080ba86242fd53f3ff30390d3bf96375,
85df5e61e5c76f0d4b3cf9b125f53aa7941b4219,https://api.github.com/repos/atom/atom/tarball/v0.75.0,https://api.github.com/repos/atom/atom/zipball/v0.75.0,v0.75.0,https://api.github.com/repos/atom/atom/commits/85df5e61e5c76f0d4b3cf9b125f53aa7941b4219,
5fe1af32398e676b5784ba8341bfe8e6966fce5a,https://api.github.com/repos/atom/atom/tarball/v0.74.0,https://api.github.com/repos/atom/atom/zipball/v0.74.0,v0.74.0,https://api.github.com/repos/atom/atom/commits/5fe1af32398e676b5784ba8341bfe8e6966fce5a,
f27296256299e096d10c4225dd7a69396a781a41,https://api.github.com/repos/atom/atom/tarball/v0.73.0,https://api.github.com/repos/atom/atom/zipball/v0.73.0,v0.73.0,https://api.github.com/repos/atom/atom/commits/f27296256299e096d10c4225dd7a69396a781a41,
31ecd39f08ac33b20b1e95e6c2c8a60918f9a695,https://api.github.com/repos/atom/atom/tarball/v0.72.0,https://api.github.com/repos/atom/atom/zipball/v0.72.0,v0.72.0,https://api.github.com/repos/atom/atom/commits/31ecd39f08ac33b20b1e95e6c2c8a60918f9a695,
126df1fa0363699e4bc2a3670a874682fd5706d3,https://api.github.com/repos/atom/atom/tarball/v0.71.0,https://api.github.com/repos/atom/atom/zipball/v0.71.0,v0.71.0,https://api.github.com/repos/atom/atom/commits/126df1fa0363699e4bc2a3670a874682fd5706d3,
6e824dadf2736599e51ee648b0e5e41e80e2bafb,https://api.github.com/repos/atom/atom/tarball/v0.70.0,https://api.github.com/repos/atom/atom/zipball/v0.70.0,v0.70.0,https://api.github.com/repos/atom/atom/commits/6e824dadf2736599e51ee648b0e5e41e80e2bafb,
1800438a7766cc67bcb15e91f85b70c3c6f72391,https://api.github.com/repos/atom/atom/tarball/v0.69.0,https://api.github.com/repos/atom/atom/zipball/v0.69.0,v0.69.0,https://api.github.com/repos/atom/atom/commits/1800438a7766cc67bcb15e91f85b70c3c6f72391,
e592528937b8d0de2e74c088d35e57a532573895,https://api.github.com/repos/atom/atom/tarball/v0.68.0,https://api.github.com/repos/atom/atom/zipball/v0.68.0,v0.68.0,https://api.github.com/repos/atom/atom/commits/e592528937b8d0de2e74c088d35e57a532573895,
7993f981667c545975e9d0cc63348db64471a38a,https://api.github.com/repos/atom/atom/tarball/v0.67.0,https://api.github.com/repos/atom/atom/zipball/v0.67.0,v0.67.0,https://api.github.com/repos/atom/atom/commits/7993f981667c545975e9d0cc63348db64471a38a,
150d8c21191fff2d025aecabcab0519b80b008b9,https://api.github.com/repos/atom/atom/tarball/v0.66.0,https://api.github.com/repos/atom/atom/zipball/v0.66.0,v0.66.0,https://api.github.com/repos/atom/atom/commits/150d8c21191fff2d025aecabcab0519b80b008b9,
5228b778dc8bf4b84e1893b6d12b7be68883a82a,https://api.github.com/repos/atom/atom/tarball/v0.65.0,https://api.github.com/repos/atom/atom/zipball/v0.65.0,v0.65.0,https://api.github.com/repos/atom/atom/commits/5228b778dc8bf4b84e1893b6d12b7be68883a82a,
3f83aaf32de3d7d77ecf3cb94d02801c6d21114f,https://api.github.com/repos/atom/atom/tarball/v0.64.0,https://api.github.com/repos/atom/atom/zipball/v0.64.0,v0.64.0,https://api.github.com/repos/atom/atom/commits/3f83aaf32de3d7d77ecf3cb94d02801c6d21114f,
9d56392cbce7903babf1bae847baa0b7ff22a815,https://api.github.com/repos/atom/atom/tarball/v0.63.0,https://api.github.com/repos/atom/atom/zipball/v0.63.0,v0.63.0,https://api.github.com/repos/atom/atom/commits/9d56392cbce7903babf1bae847baa0b7ff22a815,
d660e9a0666a233fb220e67d4576b5594a08e732,https://api.github.com/repos/atom/atom/tarball/v0.62.0,https://api.github.com/repos/atom/atom/zipball/v0.62.0,v0.62.0,https://api.github.com/repos/atom/atom/commits/d660e9a0666a233fb220e67d4576b5594a08e732,
ce5eef260531db6bb7012043785aef4c851752eb,https://api.github.com/repos/atom/atom/tarball/v0.61.0,https://api.github.com/repos/atom/atom/zipball/v0.61.0,v0.61.0,https://api.github.com/repos/atom/atom/commits/ce5eef260531db6bb7012043785aef4c851752eb,
83a40e1b33509242f3f7169e13d5f7323edc12d1,https://api.github.com/repos/atom/atom/tarball/v0.60.0,https://api.github.com/repos/atom/atom/zipball/v0.60.0,v0.60.0,https://api.github.com/repos/atom/atom/commits/83a40e1b33509242f3f7169e13d5f7323edc12d1,
69b442c2a96d760fbd183de1d6a3fe49815f8810,https://api.github.com/repos/atom/atom/tarball/v0.59.0,https://api.github.com/repos/atom/atom/zipball/v0.59.0,v0.59.0,https://api.github.com/repos/atom/atom/commits/69b442c2a96d760fbd183de1d6a3fe49815f8810,
77bf358d7a8de17289043928a7e784318578daa5,https://api.github.com/repos/atom/atom/tarball/v0.58.0,https://api.github.com/repos/atom/atom/zipball/v0.58.0,v0.58.0,https://api.github.com/repos/atom/atom/commits/77bf358d7a8de17289043928a7e784318578daa5,
f852dcfd20b7507147d07c4be12b47ac2ebf7ab2,https://api.github.com/repos/atom/atom/tarball/v0.57.0,https://api.github.com/repos/atom/atom/zipball/v0.57.0,v0.57.0,https://api.github.com/repos/atom/atom/commits/f852dcfd20b7507147d07c4be12b47ac2ebf7ab2,
e0af2122d241c3562b8302b9b1a0ed433c0a0c32,https://api.github.com/repos/atom/atom/tarball/v0.56.0,https://api.github.com/repos/atom/atom/zipball/v0.56.0,v0.56.0,https://api.github.com/repos/atom/atom/commits/e0af2122d241c3562b8302b9b1a0ed433c0a0c32,
3434a68ac0e4bf776d6cd4ab9dc354da2ffaa5c0,https://api.github.com/repos/atom/atom/tarball/v0.55.0,https://api.github.com/repos/atom/atom/zipball/v0.55.0,v0.55.0,https://api.github.com/repos/atom/atom/commits/3434a68ac0e4bf776d6cd4ab9dc354da2ffaa5c0,
d471d60bfa41a5a2b6e3bd78cfaa45b66db713ed,https://api.github.com/repos/atom/atom/tarball/v0.54.0,https://api.github.com/repos/atom/atom/zipball/v0.54.0,v0.54.0,https://api.github.com/repos/atom/atom/commits/d471d60bfa41a5a2b6e3bd78cfaa45b66db713ed,
bdf0f7d10afe3d4c0c32acf84e3e6a45b02841c4,https://api.github.com/repos/atom/atom/tarball/v0.53.0,https://api.github.com/repos/atom/atom/zipball/v0.53.0,v0.53.0,https://api.github.com/repos/atom/atom/commits/bdf0f7d10afe3d4c0c32acf84e3e6a45b02841c4,
040d76e3bfd217010d394f19ccd53dbf65f6efaa,https://api.github.com/repos/atom/atom/tarball/v0.52.0,https://api.github.com/repos/atom/atom/zipball/v0.52.0,v0.52.0,https://api.github.com/repos/atom/atom/commits/040d76e3bfd217010d394f19ccd53dbf65f6efaa,
c515cf880c1307d610e122908f93852f1a1100bc,https://api.github.com/repos/atom/atom/tarball/v0.51.0,https://api.github.com/repos/atom/atom/zipball/v0.51.0,v0.51.0,https://api.github.com/repos/atom/atom/commits/c515cf880c1307d610e122908f93852f1a1100bc,
5461de5856444d52a8e76b210ab074317b1cbd45,https://api.github.com/repos/atom/atom/tarball/v0.50.0,https://api.github.com/repos/atom/atom/zipball/v0.50.0,v0.50.0,https://api.github.com/repos/atom/atom/commits/5461de5856444d52a8e76b210ab074317b1cbd45,
fae28d8c21c34e4cb4d9dd2c8692ff23d660f4aa,https://api.github.com/repos/atom/atom/tarball/v0.49.0,https://api.github.com/repos/atom/atom/zipball/v0.49.0,v0.49.0,https://api.github.com/repos/atom/atom/commits/fae28d8c21c34e4cb4d9dd2c8692ff23d660f4aa,
d18a45f37c3e64321ff922452de3c5de0b927081,https://api.github.com/repos/atom/atom/tarball/v0.48.0,https://api.github.com/repos/atom/atom/zipball/v0.48.0,v0.48.0,https://api.github.com/repos/atom/atom/commits/d18a45f37c3e64321ff922452de3c5de0b927081,
ede03fd634e428d0eb08081c9277d0dd35e397e8,https://api.github.com/repos/atom/atom/tarball/v0.47.0,https://api.github.com/repos/atom/atom/zipball/v0.47.0,v0.47.0,https://api.github.com/repos/atom/atom/commits/ede03fd634e428d0eb08081c9277d0dd35e397e8,
24f386df2d8056432f20502e34e4a1cf6730c749,https://api.github.com/repos/atom/atom/tarball/v0.46.0,https://api.github.com/repos/atom/atom/zipball/v0.46.0,v0.46.0,https://api.github.com/repos/atom/atom/commits/24f386df2d8056432f20502e34e4a1cf6730c749,
8acd84c7e2ecb43ef2b9d707e9260e7c9ca65e74,https://api.github.com/repos/atom/atom/tarball/v0.45.0,https://api.github.com/repos/atom/atom/zipball/v0.45.0,v0.45.0,https://api.github.com/repos/atom/atom/commits/8acd84c7e2ecb43ef2b9d707e9260e7c9ca65e74,
b5a6f0db0f1b1d732926cc7d65b8370a7a007883,https://api.github.com/repos/atom/atom/tarball/v0.44.0,https://api.github.com/repos/atom/atom/zipball/v0.44.0,v0.44.0,https://api.github.com/repos/atom/atom/commits/b5a6f0db0f1b1d732926cc7d65b8370a7a007883,
5ced583a7c4205cb61b1370e46deed4931c51113,https://api.github.com/repos/atom/atom/tarball/v0.43.0,https://api.github.com/repos/atom/atom/zipball/v0.43.0,v0.43.0,https://api.github.com/repos/atom/atom/commits/5ced583a7c4205cb61b1370e46deed4931c51113,
71064adae286af70ca83f9699ae783d7a29d705f,https://api.github.com/repos/atom/atom/tarball/v0.42.0,https://api.github.com/repos/atom/atom/zipball/v0.42.0,v0.42.0,https://api.github.com/repos/atom/atom/commits/71064adae286af70ca83f9699ae783d7a29d705f,
9ede9571bcd088bbcc0d78870e8780906bda00f3,https://api.github.com/repos/atom/atom/tarball/v0.41.0,https://api.github.com/repos/atom/atom/zipball/v0.41.0,v0.41.0,https://api.github.com/repos/atom/atom/commits/9ede9571bcd088bbcc0d78870e8780906bda00f3,
bb5d70fa2eec2e1deec200368226f474e8963de4,https://api.github.com/repos/atom/atom/tarball/v0.40.0,https://api.github.com/repos/atom/atom/zipball/v0.40.0,v0.40.0,https://api.github.com/repos/atom/atom/commits/bb5d70fa2eec2e1deec200368226f474e8963de4,
79c6badce8432c318fcc1816a5e9d8e3cb057bce,https://api.github.com/repos/atom/atom/tarball/v0.39.0,https://api.github.com/repos/atom/atom/zipball/v0.39.0,v0.39.0,https://api.github.com/repos/atom/atom/commits/79c6badce8432c318fcc1816a5e9d8e3cb057bce,
ee1ec4670d5646eb39a87e1c43b3668a72070b9f,https://api.github.com/repos/atom/atom/tarball/v0.38.0,https://api.github.com/repos/atom/atom/zipball/v0.38.0,v0.38.0,https://api.github.com/repos/atom/atom/commits/ee1ec4670d5646eb39a87e1c43b3668a72070b9f,
89d8eac091aaa6354012e4d37bff411ea3f4be20,https://api.github.com/repos/atom/atom/tarball/v0.37.0,https://api.github.com/repos/atom/atom/zipball/v0.37.0,v0.37.0,https://api.github.com/repos/atom/atom/commits/89d8eac091aaa6354012e4d37bff411ea3f4be20,
f6ce0f038f5c517e44551b3a2acc445dbe43c0be,https://api.github.com/repos/atom/atom/tarball/v0.36.0,https://api.github.com/repos/atom/atom/zipball/v0.36.0,v0.36.0,https://api.github.com/repos/atom/atom/commits/f6ce0f038f5c517e44551b3a2acc445dbe43c0be,
80db09f47b82a9bde2807f9e19b87427a2405665,https://api.github.com/repos/atom/atom/tarball/v0.35.0,https://api.github.com/repos/atom/atom/zipball/v0.35.0,v0.35.0,https://api.github.com/repos/atom/atom/commits/80db09f47b82a9bde2807f9e19b87427a2405665,
993cc75c157d37a553edadaa13b0909d5bd28967,https://api.github.com/repos/atom/atom/tarball/v0.34.0,https://api.github.com/repos/atom/atom/zipball/v0.34.0,v0.34.0,https://api.github.com/repos/atom/atom/commits/993cc75c157d37a553edadaa13b0909d5bd28967,
e3f4a72ab3f10d3ada99cbd32e493d14cb34227b,https://api.github.com/repos/atom/atom/tarball/v0.33.0,https://api.github.com/repos/atom/atom/zipball/v0.33.0,v0.33.0,https://api.github.com/repos/atom/atom/commits/e3f4a72ab3f10d3ada99cbd32e493d14cb34227b,
0a3f64a3df727e3aeb0ac6af0aef14302ee31ab4,https://api.github.com/repos/atom/atom/tarball/v0.32.0,https://api.github.com/repos/atom/atom/zipball/v0.32.0,v0.32.0,https://api.github.com/repos/atom/atom/commits/0a3f64a3df727e3aeb0ac6af0aef14302ee31ab4,
2f46db29b52a530ff69ecbb514899cec8fecff51,https://api.github.com/repos/atom/atom/tarball/v0.31.0,https://api.github.com/repos/atom/atom/zipball/v0.31.0,v0.31.0,https://api.github.com/repos/atom/atom/commits/2f46db29b52a530ff69ecbb514899cec8fecff51,
1930ad500308ae21323f1a64ce7fb0d87d5f3ece,https://api.github.com/repos/atom/atom/tarball/v0.30.0,https://api.github.com/repos/atom/atom/zipball/v0.30.0,v0.30.0,https://api.github.com/repos/atom/atom/commits/1930ad500308ae21323f1a64ce7fb0d87d5f3ece,
8f2770d08449ee8f4b4ac04488301487e179e809,https://api.github.com/repos/atom/atom/tarball/v0.29.0,https://api.github.com/repos/atom/atom/zipball/v0.29.0,v0.29.0,https://api.github.com/repos/atom/atom/commits/8f2770d08449ee8f4b4ac04488301487e179e809,
96c965759336de8d2ce41c209ac5680a47cbfb5e,https://api.github.com/repos/atom/atom/tarball/v0.28.0,https://api.github.com/repos/atom/atom/zipball/v0.28.0,v0.28.0,https://api.github.com/repos/atom/atom/commits/96c965759336de8d2ce41c209ac5680a47cbfb5e,
e72925f0bcb3b1a20215759b2cfe917cff7c088a,https://api.github.com/repos/atom/atom/tarball/v0.27.0,https://api.github.com/repos/atom/atom/zipball/v0.27.0,v0.27.0,https://api.github.com/repos/atom/atom/commits/e72925f0bcb3b1a20215759b2cfe917cff7c088a,
80bb6b605704f7dce3cda6c771b0fb8e9ef62b01,https://api.github.com/repos/atom/atom/tarball/v0.26.0,https://api.github.com/repos/atom/atom/zipball/v0.26.0,v0.26.0,https://api.github.com/repos/atom/atom/commits/80bb6b605704f7dce3cda6c771b0fb8e9ef62b01,
c6e688dc297a09bcf100cb627570799f34a3de23,https://api.github.com/repos/atom/atom/tarball/v0.25.0,https://api.github.com/repos/atom/atom/zipball/v0.25.0,v0.25.0,https://api.github.com/repos/atom/atom/commits/c6e688dc297a09bcf100cb627570799f34a3de23,
e18674598fa9961cb9ed44842377f7b2d568ecae,https://api.github.com/repos/atom/atom/tarball/v0.24.0,https://api.github.com/repos/atom/atom/zipball/v0.24.0,v0.24.0,https://api.github.com/repos/atom/atom/commits/e18674598fa9961cb9ed44842377f7b2d568ecae,
bf0b3ee66e709ffd8d39fb35077cfacde8d854e9,https://api.github.com/repos/atom/atom/tarball/v0.23.0,https://api.github.com/repos/atom/atom/zipball/v0.23.0,v0.23.0,https://api.github.com/repos/atom/atom/commits/bf0b3ee66e709ffd8d39fb35077cfacde8d854e9,
d79881063af0bd1d49004e51e3d8fc064fafaadc,https://api.github.com/repos/atom/atom/tarball/v0.21.0,https://api.github.com/repos/atom/atom/zipball/v0.21.0,v0.21.0,https://api.github.com/repos/atom/atom/commits/d79881063af0bd1d49004e51e3d8fc064fafaadc,
7ba57df6f720331a617783eb49b3f19abb12e917,https://api.github.com/repos/atom/atom/tarball/v0.20.0,https://api.github.com/repos/atom/atom/zipball/v0.20.0,v0.20.0,https://api.github.com/repos/atom/atom/commits/7ba57df6f720331a617783eb49b3f19abb12e917,
8f8c0cbf45959fe0cc447c1c066e612a24932a94,https://api.github.com/repos/atom/atom/tarball/v0.19.0,https://api.github.com/repos/atom/atom/zipball/v0.19.0,v0.19.0,https://api.github.com/repos/atom/atom/commits/8f8c0cbf45959fe0cc447c1c066e612a24932a94,
25f98e223f916f598772735b7e74c92ff737aecd,https://api.github.com/repos/atom/atom/tarball/v0.18.0,https://api.github.com/repos/atom/atom/zipball/v0.18.0,v0.18.0,https://api.github.com/repos/atom/atom/commits/25f98e223f916f598772735b7e74c92ff737aecd,
bc74be531d50dfe172913b69ed3e82860b94f390,https://api.github.com/repos/atom/atom/tarball/v0.17.0,https://api.github.com/repos/atom/atom/zipball/v0.17.0,v0.17.0,https://api.github.com/repos/atom/atom/commits/bc74be531d50dfe172913b69ed3e82860b94f390,
9d733a2da905f4761e82dfc8d09982d2485dce3e,https://api.github.com/repos/atom/atom/tarball/v0.16.0,https://api.github.com/repos/atom/atom/zipball/v0.16.0,v0.16.0,https://api.github.com/repos/atom/atom/commits/9d733a2da905f4761e82dfc8d09982d2485dce3e,
ff70ae633d1a4c55a6462686072624a53dfe7a4f,https://api.github.com/repos/atom/atom/tarball/v0.15.0,https://api.github.com/repos/atom/atom/zipball/v0.15.0,v0.15.0,https://api.github.com/repos/atom/atom/commits/ff70ae633d1a4c55a6462686072624a53dfe7a4f,
12580bce83926c7ad6535bfa9d85559f0cd951b3,https://api.github.com/repos/atom/atom/tarball/v0.14.0,https://api.github.com/repos/atom/atom/zipball/v0.14.0,v0.14.0,https://api.github.com/repos/atom/atom/commits/12580bce83926c7ad6535bfa9d85559f0cd951b3,
0fee962faa989ecd6a479a184b9b4b9ef6d12ca9,https://api.github.com/repos/atom/atom/tarball/v0.13.0,https://api.github.com/repos/atom/atom/zipball/v0.13.0,v0.13.0,https://api.github.com/repos/atom/atom/commits/0fee962faa989ecd6a479a184b9b4b9ef6d12ca9,
2efbe9ce4e1a15cc9e36d98343467a23bd1c18d1,https://api.github.com/repos/atom/atom/tarball/v0.12.0,https://api.github.com/repos/atom/atom/zipball/v0.12.0,v0.12.0,https://api.github.com/repos/atom/atom/commits/2efbe9ce4e1a15cc9e36d98343467a23bd1c18d1,
5b7c4686f9f917d541b628d71fbb02c4f1850072,https://api.github.com/repos/atom/atom/tarball/v0.11.0,https://api.github.com/repos/atom/atom/zipball/v0.11.0,v0.11.0,https://api.github.com/repos/atom/atom/commits/5b7c4686f9f917d541b628d71fbb02c4f1850072,
392ffce8c7f92ae2776a7eb0bd56c7294710649c,https://api.github.com/repos/atom/atom/tarball/v0.10.0,https://api.github.com/repos/atom/atom/zipball/v0.10.0,v0.10.0,https://api.github.com/repos/atom/atom/commits/392ffce8c7f92ae2776a7eb0bd56c7294710649c,
7aba7b08543758ed53baf22cbc68943a295afe36,https://api.github.com/repos/atom/atom/tarball/v0.9.0,https://api.github.com/repos/atom/atom/zipball/v0.9.0,v0.9.0,https://api.github.com/repos/atom/atom/commits/7aba7b08543758ed53baf22cbc68943a295afe36,
f5568908739a421a7cc9eed06e287621119fca5e,https://api.github.com/repos/atom/atom/tarball/v0.8.0,https://api.github.com/repos/atom/atom/zipball/v0.8.0,v0.8.0,https://api.github.com/repos/atom/atom/commits/f5568908739a421a7cc9eed06e287621119fca5e,
f0d3a0665502d811642e02a5996dff561bcf31e2,https://api.github.com/repos/atom/atom/tarball/v0.7.0,https://api.github.com/repos/atom/atom/zipball/v0.7.0,v0.7.0,https://api.github.com/repos/atom/atom/commits/f0d3a0665502d811642e02a5996dff561bcf31e2,
b56f4a129fb3828cde90f6a38ab7b14ac1aaef24,https://api.github.com/repos/atom/atom/tarball/v0.6.0,https://api.github.com/repos/atom/atom/zipball/v0.6.0,v0.6.0,https://api.github.com/repos/atom/atom/commits/b56f4a129fb3828cde90f6a38ab7b14ac1aaef24,
e3295059a0fa10d99f858826935c21d382f8440d,https://api.github.com/repos/atom/atom/tarball/v0.5.0,https://api.github.com/repos/atom/atom/zipball/v0.5.0,v0.5.0,https://api.github.com/repos/atom/atom/commits/e3295059a0fa10d99f858826935c21d382f8440d,
d69a32d55154a8c0e1816ca26131aeacb8d2d1a4,https://api.github.com/repos/atom/atom/tarball/v0.4.0,https://api.github.com/repos/atom/atom/zipball/v0.4.0,v0.4.0,https://api.github.com/repos/atom/atom/commits/d69a32d55154a8c0e1816ca26131aeacb8d2d1a4,
443056ef5c205b6788f46c73fd7571737660f05f,https://api.github.com/repos/atom/atom/tarball/v0.3.0,https://api.github.com/repos/atom/atom/zipball/v0.3.0,v0.3.0,https://api.github.com/repos/atom/atom/commits/443056ef5c205b6788f46c73fd7571737660f05f,
78dc676f0f1c220c611789d605880d2e7f69e90f,https://api.github.com/repos/atom/atom/tarball/v0.2.0,https://api.github.com/repos/atom/atom/zipball/v0.2.0,v0.2.0,https://api.github.com/repos/atom/atom/commits/78dc676f0f1c220c611789d605880d2e7f69e90f,
9c6978e913da2f9cb5bfc567ec07d13702938e9d,https://api.github.com/repos/atom/atom/tarball/v0.1.0,https://api.github.com/repos/atom/atom/zipball/v0.1.0,v0.1.0,https://api.github.com/repos/atom/atom/commits/9c6978e913da2f9cb5bfc567ec07d13702938e9d,
0c5b50decffb41f29c7d606a529845e54e985811,https://api.github.com/repos/atom/atom/tarball/v0.0.3,https://api.github.com/repos/atom/atom/zipball/v0.0.3,v0.0.3,https://api.github.com/repos/atom/atom/commits/0c5b50decffb41f29c7d606a529845e54e985811,
e7c090425fd854d48fceb6dc3f74cfb76141162b,https://api.github.com/repos/atom/atom/tarball/v0.0.2,https://api.github.com/repos/atom/atom/zipball/v0.0.2,v0.0.2,https://api.github.com/repos/atom/atom/commits/e7c090425fd854d48fceb6dc3f74cfb76141162b,
dd5b096db3ea137cd28c6071359d6c2297f24dc9,https://api.github.com/repos/atom/atom/tarball/v0.0.1,https://api.github.com/repos/atom/atom/zipball/v0.0.1,v0.0.1,https://api.github.com/repos/atom/atom/commits/dd5b096db3ea137cd28c6071359d6c2297f24dc9,
