created_at,number,review_comments_url,title,locked,merge_commit_sha,review_comment_url,statuses_url,html_url,comments_url,closed_at,state,patch_url,user_login,merged_at,url,commits_url,issue_url,user_htmlURL,diff_url,
2017-04-11T20:45:39Z,19936,https://api.github.com/repos/golang/go/pulls/19936/comments,Document creation mode for ioutil.TempDir,False,32deac7aa41de8a4ddbd5e694490c8515d817253,https://api.github.com/repos/golang/go/pulls/comments{/number},https://api.github.com/repos/golang/go/statuses/1e6fb997c7e6e5b987697729adf8eb00338a08a3,https://github.com/golang/go/pull/19936,https://api.github.com/repos/golang/go/issues/19936/comments,2017-04-11T20:45:40Z,closed,https://github.com/golang/go/pull/19936.patch,vosst,None,https://api.github.com/repos/golang/go/pulls/19936,https://api.github.com/repos/golang/go/pulls/19936/commits,https://api.github.com/repos/golang/go/issues/19936,https://github.com/vosst,https://github.com/golang/go/pull/19936.diff,
2017-04-10T14:59:01Z,19908,https://api.github.com/repos/golang/go/pulls/19908/comments,Minor update for new contributors,False,21f4c327f2e57da5e7cbe656903bdc9326120737,https://api.github.com/repos/golang/go/pulls/comments{/number},https://api.github.com/repos/golang/go/statuses/a3c7208eadf0eb49da70fb43d2e777deb05cfa14,https://github.com/golang/go/pull/19908,https://api.github.com/repos/golang/go/issues/19908/comments,2017-04-10T14:59:02Z,closed,https://github.com/golang/go/pull/19908.patch,patil16nit,None,https://api.github.com/repos/golang/go/pulls/19908,https://api.github.com/repos/golang/go/pulls/19908/commits,https://api.github.com/repos/golang/go/issues/19908,https://github.com/patil16nit,https://github.com/golang/go/pull/19908.diff,
2017-03-21T17:01:40Z,19640,https://api.github.com/repos/golang/go/pulls/19640/comments,Use pipe2() on FreeBSD.,False,56e461d64d3b6451028eaf1e1aa745c0362c92cd,https://api.github.com/repos/golang/go/pulls/comments{/number},https://api.github.com/repos/golang/go/statuses/377ebecbeac6ab047e9abc6ec916b12403426f67,https://github.com/golang/go/pull/19640,https://api.github.com/repos/golang/go/issues/19640/comments,2017-03-21T17:01:41Z,closed,https://github.com/golang/go/pull/19640.patch,glebius,None,https://api.github.com/repos/golang/go/pulls/19640,https://api.github.com/repos/golang/go/pulls/19640/commits,https://api.github.com/repos/golang/go/issues/19640,https://github.com/glebius,https://github.com/golang/go/pull/19640.diff,
2017-02-16T00:18:04Z,19117,https://api.github.com/repos/golang/go/pulls/19117/comments,Go uses Gerrit not GitHub PRs,True,6058b758f41b70d875cf1662b7b27ee1f81f5342,https://api.github.com/repos/golang/go/pulls/comments{/number},https://api.github.com/repos/golang/go/statuses/75aa1e379ffd752f418bb1487dfd176b5cadd73f,https://github.com/golang/go/pull/19117,https://api.github.com/repos/golang/go/issues/19117/comments,2017-02-24T18:49:28Z,closed,https://github.com/golang/go/pull/19117.patch,rakyll,None,https://api.github.com/repos/golang/go/pulls/19117,https://api.github.com/repos/golang/go/pulls/19117/commits,https://api.github.com/repos/golang/go/issues/19117,https://github.com/rakyll,https://github.com/golang/go/pull/19117.diff,
2017-02-09T17:51:03Z,19011,https://api.github.com/repos/golang/go/pulls/19011/comments,Let's make GO Great again,False,0227b4d0492ad6abe11fbabad524aa05fb03c822,https://api.github.com/repos/golang/go/pulls/comments{/number},https://api.github.com/repos/golang/go/statuses/78da1bd4c80410a3c76ae2c9e307ca118cb7c462,https://github.com/golang/go/pull/19011,https://api.github.com/repos/golang/go/issues/19011/comments,2017-02-09T17:51:04Z,closed,https://github.com/golang/go/pull/19011.patch,fvanboven,None,https://api.github.com/repos/golang/go/pulls/19011,https://api.github.com/repos/golang/go/pulls/19011/commits,https://api.github.com/repos/golang/go/issues/19011,https://github.com/fvanboven,https://github.com/golang/go/pull/19011.diff,
2016-12-09T03:30:13Z,18260,https://api.github.com/repos/golang/go/pulls/18260/comments,@wangkechun change,False,4cedb65833a04f05b757a2c5999b2b26c87c6067,https://api.github.com/repos/golang/go/pulls/comments{/number},https://api.github.com/repos/golang/go/statuses/44fb431fcf32cc014655c06e34119319d031c931,https://github.com/golang/go/pull/18260,https://api.github.com/repos/golang/go/issues/18260/comments,2016-12-09T03:30:14Z,closed,https://github.com/golang/go/pull/18260.patch,wangkechun,None,https://api.github.com/repos/golang/go/pulls/18260,https://api.github.com/repos/golang/go/pulls/18260/commits,https://api.github.com/repos/golang/go/issues/18260,https://github.com/wangkechun,https://github.com/golang/go/pull/18260.diff,
2016-10-08T15:52:04Z,17387,https://api.github.com/repos/golang/go/pulls/17387/comments,Release branch.go1.7,False,None,https://api.github.com/repos/golang/go/pulls/comments{/number},https://api.github.com/repos/golang/go/statuses/b67902fee7b56dd3235b2f489550c279248bacb9,https://github.com/golang/go/pull/17387,https://api.github.com/repos/golang/go/issues/17387/comments,2016-10-08T15:54:43Z,closed,https://github.com/golang/go/pull/17387.patch,vikrampanwar,None,https://api.github.com/repos/golang/go/pulls/17387,https://api.github.com/repos/golang/go/pulls/17387/commits,https://api.github.com/repos/golang/go/issues/17387,https://github.com/vikrampanwar,https://github.com/golang/go/pull/17387.diff,
2016-07-17T10:23:15Z,16398,https://api.github.com/repos/golang/go/pulls/16398/comments,Release branch.go1.7,False,e1157fcd8afe6f5655983dfd02ea3e995a50697c,https://api.github.com/repos/golang/go/pulls/comments{/number},https://api.github.com/repos/golang/go/statuses/53da5fd4d431881bb3583c9790db7735a6530a1b,https://github.com/golang/go/pull/16398,https://api.github.com/repos/golang/go/issues/16398/comments,2016-07-17T10:23:16Z,closed,https://github.com/golang/go/pull/16398.patch,bao2dan,None,https://api.github.com/repos/golang/go/pulls/16398,https://api.github.com/repos/golang/go/pulls/16398/commits,https://api.github.com/repos/golang/go/issues/16398,https://github.com/bao2dan,https://github.com/golang/go/pull/16398.diff,
2016-06-19T11:44:04Z,16113,https://api.github.com/repos/golang/go/pulls/16113/comments,Master,False,de52d256505ae64459a403dbabed81a450ee9e98,https://api.github.com/repos/golang/go/pulls/comments{/number},https://api.github.com/repos/golang/go/statuses/691c5c156878799ec15683f10e24d9a924ea7996,https://github.com/golang/go/pull/16113,https://api.github.com/repos/golang/go/issues/16113/comments,2016-06-19T11:44:05Z,closed,https://github.com/golang/go/pull/16113.patch,tipoftips,None,https://api.github.com/repos/golang/go/pulls/16113,https://api.github.com/repos/golang/go/pulls/16113/commits,https://api.github.com/repos/golang/go/issues/16113,https://github.com/tipoftips,https://github.com/golang/go/pull/16113.diff,
2016-05-27T02:59:49Z,15857,https://api.github.com/repos/golang/go/pulls/15857/comments,Update URL for pprof,False,661d241aa7056df31d2d31b131cd07916378ca8f,https://api.github.com/repos/golang/go/pulls/comments{/number},https://api.github.com/repos/golang/go/statuses/3e49478beba0ac07faf1582728a9652f5871d09f,https://github.com/golang/go/pull/15857,https://api.github.com/repos/golang/go/issues/15857/comments,2016-05-27T02:59:51Z,closed,https://github.com/golang/go/pull/15857.patch,17twenty,None,https://api.github.com/repos/golang/go/pulls/15857,https://api.github.com/repos/golang/go/pulls/15857/commits,https://api.github.com/repos/golang/go/issues/15857,https://github.com/17twenty,https://github.com/golang/go/pull/15857.diff,
2016-04-05T13:04:59Z,15130,https://api.github.com/repos/golang/go/pulls/15130/comments,Increase _MaxGomaxprocs to support big machines,True,3f737091cfe54becbb260792ea974ad08ad92ffb,https://api.github.com/repos/golang/go/pulls/comments{/number},https://api.github.com/repos/golang/go/statuses/17857791d91cf31944d266cb1dfd9322cea8933f,https://github.com/golang/go/pull/15130,https://api.github.com/repos/golang/go/issues/15130/comments,2016-04-05T13:05:00Z,closed,https://github.com/golang/go/pull/15130.patch,leitao,None,https://api.github.com/repos/golang/go/pulls/15130,https://api.github.com/repos/golang/go/pulls/15130/commits,https://api.github.com/repos/golang/go/issues/15130,https://github.com/leitao,https://github.com/golang/go/pull/15130.diff,
2016-03-29T07:10:57Z,15008,https://api.github.com/repos/golang/go/pulls/15008/comments,Dev.garbage,True,5a139bffa4172f212829d48d160511ad8c7835ff,https://api.github.com/repos/golang/go/pulls/comments{/number},https://api.github.com/repos/golang/go/statuses/22972d2207424edc481b7c127788f573a726dfe7,https://github.com/golang/go/pull/15008,https://api.github.com/repos/golang/go/issues/15008/comments,2016-03-29T07:10:58Z,closed,https://github.com/golang/go/pull/15008.patch,duhaibo0404,None,https://api.github.com/repos/golang/go/pulls/15008,https://api.github.com/repos/golang/go/pulls/15008/commits,https://api.github.com/repos/golang/go/issues/15008,https://github.com/duhaibo0404,https://github.com/golang/go/pull/15008.diff,
2016-02-19T15:26:28Z,14411,https://api.github.com/repos/golang/go/pulls/14411/comments,Add a method to get resident used by process,True,4fb574c14beaa4252849523d86b3f331799cb98f,https://api.github.com/repos/golang/go/pulls/comments{/number},https://api.github.com/repos/golang/go/statuses/f8fb75a1f7a0b5c1805108b2736ece8400f72fe8,https://github.com/golang/go/pull/14411,https://api.github.com/repos/golang/go/issues/14411/comments,2016-02-19T15:26:28Z,closed,https://github.com/golang/go/pull/14411.patch,InsZVA,None,https://api.github.com/repos/golang/go/pulls/14411,https://api.github.com/repos/golang/go/pulls/14411/commits,https://api.github.com/repos/golang/go/issues/14411,https://github.com/InsZVA,https://github.com/golang/go/pull/14411.diff,
2016-02-10T00:35:29Z,14281,https://api.github.com/repos/golang/go/pulls/14281/comments,my goDev.garbage,True,8ee3be4b8de60b27a40764cc43348f17aba513c8,https://api.github.com/repos/golang/go/pulls/comments{/number},https://api.github.com/repos/golang/go/statuses/29257f5effa30a8a0cc2d79df8ff25593a861b2b,https://github.com/golang/go/pull/14281,https://api.github.com/repos/golang/go/issues/14281/comments,2016-02-10T00:35:30Z,closed,https://github.com/golang/go/pull/14281.patch,Jancehk,None,https://api.github.com/repos/golang/go/pulls/14281,https://api.github.com/repos/golang/go/pulls/14281/commits,https://api.github.com/repos/golang/go/issues/14281,https://github.com/Jancehk,https://github.com/golang/go/pull/14281.diff,
2016-01-10T21:21:17Z,13899,https://api.github.com/repos/golang/go/pulls/13899/comments,fix undefined: base64.RawURLEncoding,True,78099d758034cdda9bc595476696dcce54e01271,https://api.github.com/repos/golang/go/pulls/comments{/number},https://api.github.com/repos/golang/go/statuses/92c548e258821193ac3bd19e065fdae3ee09a3c3,https://github.com/golang/go/pull/13899,https://api.github.com/repos/golang/go/issues/13899/comments,2016-01-10T21:21:18Z,closed,https://github.com/golang/go/pull/13899.patch,vyachin,None,https://api.github.com/repos/golang/go/pulls/13899,https://api.github.com/repos/golang/go/pulls/13899/commits,https://api.github.com/repos/golang/go/issues/13899,https://github.com/vyachin,https://github.com/golang/go/pull/13899.diff,
2016-01-08T01:48:07Z,13865,https://api.github.com/repos/golang/go/pulls/13865/comments,Add a note about exporting the struct for Unmarshal.,True,0082d475e9f04ce863ef589a50b55cad5dd62ae9,https://api.github.com/repos/golang/go/pulls/comments{/number},https://api.github.com/repos/golang/go/statuses/43a96aff204826543550bd405b928d1c3c59d1ea,https://github.com/golang/go/pull/13865,https://api.github.com/repos/golang/go/issues/13865/comments,2016-01-08T01:48:09Z,closed,https://github.com/golang/go/pull/13865.patch,csawyerYumaed,None,https://api.github.com/repos/golang/go/pulls/13865,https://api.github.com/repos/golang/go/pulls/13865/commits,https://api.github.com/repos/golang/go/issues/13865,https://github.com/csawyerYumaed,https://github.com/golang/go/pull/13865.diff,
2016-01-05T15:32:11Z,13824,https://api.github.com/repos/golang/go/pulls/13824/comments,Update HMAC FIPS link to current version,True,138519f056bee6b487a3cef08b83c592bd3a4534,https://api.github.com/repos/golang/go/pulls/comments{/number},https://api.github.com/repos/golang/go/statuses/cf27ac4f4168336e86dacdc1b112495fee696349,https://github.com/golang/go/pull/13824,https://api.github.com/repos/golang/go/issues/13824/comments,2016-01-05T15:32:12Z,closed,https://github.com/golang/go/pull/13824.patch,kkirsche,None,https://api.github.com/repos/golang/go/pulls/13824,https://api.github.com/repos/golang/go/pulls/13824/commits,https://api.github.com/repos/golang/go/issues/13824,https://github.com/kkirsche,https://github.com/golang/go/pull/13824.diff,
2015-12-31T07:00:35Z,13787,https://api.github.com/repos/golang/go/pulls/13787/comments,activate the builtin fake clock,True,1cdc13e2efd54493cc2f26578fa030c1333c8f5b,https://api.github.com/repos/golang/go/pulls/comments{/number},https://api.github.com/repos/golang/go/statuses/1b73d8a42334b42452d5c8fa9612393f1f8cba4b,https://github.com/golang/go/pull/13787,https://api.github.com/repos/golang/go/issues/13787/comments,2015-12-31T07:00:36Z,closed,https://github.com/golang/go/pull/13787.patch,markfink,None,https://api.github.com/repos/golang/go/pulls/13787,https://api.github.com/repos/golang/go/pulls/13787/commits,https://api.github.com/repos/golang/go/issues/13787,https://github.com/markfink,https://github.com/golang/go/pull/13787.diff,
2015-12-29T18:35:43Z,13773,https://api.github.com/repos/golang/go/pulls/13773/comments,Dev.ssa,True,None,https://api.github.com/repos/golang/go/pulls/comments{/number},https://api.github.com/repos/golang/go/statuses/7d9f1067d1c8a2d0252fa2a115f1d016f94f7087,https://github.com/golang/go/pull/13773,https://api.github.com/repos/golang/go/issues/13773/comments,2015-12-29T18:35:45Z,closed,https://github.com/golang/go/pull/13773.patch,emreturgut,None,https://api.github.com/repos/golang/go/pulls/13773,https://api.github.com/repos/golang/go/pulls/13773/commits,https://api.github.com/repos/golang/go/issues/13773,https://github.com/emreturgut,https://github.com/golang/go/pull/13773.diff,
2015-12-19T03:44:10Z,13689,https://api.github.com/repos/golang/go/pulls/13689/comments,Fix typo in README.md,True,671a5de0c2bdfe7e44c59cd5f3740ac84fd9222d,https://api.github.com/repos/golang/go/pulls/comments{/number},https://api.github.com/repos/golang/go/statuses/159ba4ede70deee2be89c74bdc3413fd72405fbf,https://github.com/golang/go/pull/13689,https://api.github.com/repos/golang/go/issues/13689/comments,2015-12-19T03:44:11Z,closed,https://github.com/golang/go/pull/13689.patch,sgerhardt,None,https://api.github.com/repos/golang/go/pulls/13689,https://api.github.com/repos/golang/go/pulls/13689/commits,https://api.github.com/repos/golang/go/issues/13689,https://github.com/sgerhardt,https://github.com/golang/go/pull/13689.diff,
2015-12-13T07:22:09Z,13597,https://api.github.com/repos/golang/go/pulls/13597/comments,Add a Delta() method to determine how many are waiting,True,77e285004ac486442fa3062af12e78f4def89e99,https://api.github.com/repos/golang/go/pulls/comments{/number},https://api.github.com/repos/golang/go/statuses/23569ef7ef8fd7d26ba68cf1dec5ed7c9893f3ea,https://github.com/golang/go/pull/13597,https://api.github.com/repos/golang/go/issues/13597/comments,2015-12-13T07:22:10Z,closed,https://github.com/golang/go/pull/13597.patch,purpleidea,None,https://api.github.com/repos/golang/go/pulls/13597,https://api.github.com/repos/golang/go/pulls/13597/commits,https://api.github.com/repos/golang/go/issues/13597,https://github.com/purpleidea,https://github.com/golang/go/pull/13597.diff,
2015-12-09T07:32:09Z,13545,https://api.github.com/repos/golang/go/pulls/13545/comments,Updated float.go for a typo in the comments,True,08ca7bbefde880451c5f100944af31ff371f3949,https://api.github.com/repos/golang/go/pulls/comments{/number},https://api.github.com/repos/golang/go/statuses/35f3a7bbdcd737b22a2dde55f01de1bcc47d0a05,https://github.com/golang/go/pull/13545,https://api.github.com/repos/golang/go/issues/13545/comments,2015-12-09T07:32:10Z,closed,https://github.com/golang/go/pull/13545.patch,asukakenji,None,https://api.github.com/repos/golang/go/pulls/13545,https://api.github.com/repos/golang/go/pulls/13545/commits,https://api.github.com/repos/golang/go/issues/13545,https://github.com/asukakenji,https://github.com/golang/go/pull/13545.diff,
2015-12-05T00:22:57Z,13490,https://api.github.com/repos/golang/go/pulls/13490/comments,Add `Remove` method to expvar,True,af343a13693fb0173473154cf7c218053a7879f3,https://api.github.com/repos/golang/go/pulls/comments{/number},https://api.github.com/repos/golang/go/statuses/5656ace76fef1dbe7b7005f21acac31833291cec,https://github.com/golang/go/pull/13490,https://api.github.com/repos/golang/go/issues/13490/comments,2015-12-05T00:22:57Z,closed,https://github.com/golang/go/pull/13490.patch,jacksontj,None,https://api.github.com/repos/golang/go/pulls/13490,https://api.github.com/repos/golang/go/pulls/13490/commits,https://api.github.com/repos/golang/go/issues/13490,https://github.com/jacksontj,https://github.com/golang/go/pull/13490.diff,
2015-12-05T00:19:50Z,13489,https://api.github.com/repos/golang/go/pulls/13489/comments,Add `Remove` method to expvar,True,3fc7803fa4cbb034bf11f345fb2ba2bc94c18ed2,https://api.github.com/repos/golang/go/pulls/comments{/number},https://api.github.com/repos/golang/go/statuses/e1506f1f8bf8cbb86719eb169d932ad22362c501,https://github.com/golang/go/pull/13489,https://api.github.com/repos/golang/go/issues/13489/comments,2015-12-05T00:19:50Z,closed,https://github.com/golang/go/pull/13489.patch,jacksontj,None,https://api.github.com/repos/golang/go/pulls/13489,https://api.github.com/repos/golang/go/pulls/13489/commits,https://api.github.com/repos/golang/go/issues/13489,https://github.com/jacksontj,https://github.com/golang/go/pull/13489.diff,
2015-11-21T19:04:07Z,13352,https://api.github.com/repos/golang/go/pulls/13352/comments,increase precision of satan function constant,True,0a2a8cda13e0fae874cdd2e9dbbe094b25f07b30,https://api.github.com/repos/golang/go/pulls/comments{/number},https://api.github.com/repos/golang/go/statuses/323483083a2dbd1f1236cd850378bdd66020f230,https://github.com/golang/go/pull/13352,https://api.github.com/repos/golang/go/issues/13352/comments,2015-11-21T19:04:07Z,closed,https://github.com/golang/go/pull/13352.patch,machado2,None,https://api.github.com/repos/golang/go/pulls/13352,https://api.github.com/repos/golang/go/pulls/13352/commits,https://api.github.com/repos/golang/go/issues/13352,https://github.com/machado2,https://github.com/golang/go/pull/13352.diff,
2015-11-03T10:30:31Z,13132,https://api.github.com/repos/golang/go/pulls/13132/comments,crypto/md5: uniform Write func,True,3c0b53a6cdefc9cc5bae76c7d511bac3fdd325aa,https://api.github.com/repos/golang/go/pulls/comments{/number},https://api.github.com/repos/golang/go/statuses/a2204476ec5a47aed010459c1826f4b611e5b9f3,https://github.com/golang/go/pull/13132,https://api.github.com/repos/golang/go/issues/13132/comments,2015-11-03T10:30:34Z,closed,https://github.com/golang/go/pull/13132.patch,zeil,None,https://api.github.com/repos/golang/go/pulls/13132,https://api.github.com/repos/golang/go/pulls/13132/commits,https://api.github.com/repos/golang/go/issues/13132,https://github.com/zeil,https://github.com/golang/go/pull/13132.diff,
2015-10-07T02:55:06Z,12858,https://api.github.com/repos/golang/go/pulls/12858/comments,Add new day duration.,True,dcf40cbbf0f48f9e1cb2579e427f953cca340d6d,https://api.github.com/repos/golang/go/pulls/comments{/number},https://api.github.com/repos/golang/go/statuses/a47801cd28e62fb1faeb479ea08d0e2c31339f96,https://github.com/golang/go/pull/12858,https://api.github.com/repos/golang/go/issues/12858/comments,2015-10-07T02:55:06Z,closed,https://github.com/golang/go/pull/12858.patch,alienchow,None,https://api.github.com/repos/golang/go/pulls/12858,https://api.github.com/repos/golang/go/pulls/12858/commits,https://api.github.com/repos/golang/go/issues/12858,https://github.com/alienchow,https://github.com/golang/go/pull/12858.diff,
2015-10-06T12:22:01Z,12850,https://api.github.com/repos/golang/go/pulls/12850/comments,Fix socket leak on failed connections,True,b19b72c25955c013150bc7a920719dd468b55eb0,https://api.github.com/repos/golang/go/pulls/comments{/number},https://api.github.com/repos/golang/go/statuses/02306135d5b45f66ee10157c66f7caea9c1e2b2f,https://github.com/golang/go/pull/12850,https://api.github.com/repos/golang/go/issues/12850/comments,2015-10-06T12:22:02Z,closed,https://github.com/golang/go/pull/12850.patch,eduardisimo203,None,https://api.github.com/repos/golang/go/pulls/12850,https://api.github.com/repos/golang/go/pulls/12850/commits,https://api.github.com/repos/golang/go/issues/12850,https://github.com/eduardisimo203,https://github.com/golang/go/pull/12850.diff,
2015-10-05T21:45:41Z,12845,https://api.github.com/repos/golang/go/pulls/12845/comments,Fix /bin/bash shebangs to /bin/sh,True,4a19279df2b8110a74fb6a9d64b43b229e9d5597,https://api.github.com/repos/golang/go/pulls/comments{/number},https://api.github.com/repos/golang/go/statuses/d76061cfc49b3764e3c44962debc6489a18e316d,https://github.com/golang/go/pull/12845,https://api.github.com/repos/golang/go/issues/12845/comments,2015-10-05T21:45:42Z,closed,https://github.com/golang/go/pull/12845.patch,AMDmi3,None,https://api.github.com/repos/golang/go/pulls/12845,https://api.github.com/repos/golang/go/pulls/12845/commits,https://api.github.com/repos/golang/go/issues/12845,https://github.com/AMDmi3,https://github.com/golang/go/pull/12845.diff,
2015-10-02T23:54:55Z,12825,https://api.github.com/repos/golang/go/pulls/12825/comments,Master,True,a3526a537197180ac2b82ab8110672259a95c1eb,https://api.github.com/repos/golang/go/pulls/comments{/number},https://api.github.com/repos/golang/go/statuses/9f6df6c9407eb9a7f2393d00d7442f414a4d7dfa,https://github.com/golang/go/pull/12825,https://api.github.com/repos/golang/go/issues/12825/comments,2015-10-02T23:54:55Z,closed,https://github.com/golang/go/pull/12825.patch,wikijoss,None,https://api.github.com/repos/golang/go/pulls/12825,https://api.github.com/repos/golang/go/pulls/12825/commits,https://api.github.com/repos/golang/go/issues/12825,https://github.com/wikijoss,https://github.com/golang/go/pull/12825.diff,
2015-10-02T23:51:51Z,12824,https://api.github.com/repos/golang/go/pulls/12824/comments,Master,True,bc73a270ff093bc5a4d4a8b0e1f68a4d0211d001,https://api.github.com/repos/golang/go/pulls/comments{/number},https://api.github.com/repos/golang/go/statuses/9f6df6c9407eb9a7f2393d00d7442f414a4d7dfa,https://github.com/golang/go/pull/12824,https://api.github.com/repos/golang/go/issues/12824/comments,2015-10-02T23:51:52Z,closed,https://github.com/golang/go/pull/12824.patch,wikijoss,None,https://api.github.com/repos/golang/go/pulls/12824,https://api.github.com/repos/golang/go/pulls/12824/commits,https://api.github.com/repos/golang/go/issues/12824,https://github.com/wikijoss,https://github.com/golang/go/pull/12824.diff,
2015-09-24T23:04:12Z,12744,https://api.github.com/repos/golang/go/pulls/12744/comments,Start asm work,True,033f2f5f094ce5d6e6ca6c37b3f927f261bf791e,https://api.github.com/repos/golang/go/pulls/comments{/number},https://api.github.com/repos/golang/go/statuses/bfaaf5362e5a3510574d0f976e1df0ae014de699,https://github.com/golang/go/pull/12744,https://api.github.com/repos/golang/go/issues/12744/comments,2015-09-24T23:04:12Z,closed,https://github.com/golang/go/pull/12744.patch,prattmic,None,https://api.github.com/repos/golang/go/pulls/12744,https://api.github.com/repos/golang/go/pulls/12744/commits,https://api.github.com/repos/golang/go/issues/12744,https://github.com/prattmic,https://github.com/golang/go/pull/12744.diff,
2015-09-24T05:20:49Z,12732,https://api.github.com/repos/golang/go/pulls/12732/comments,Support gitlab in "go get" import path,True,38fe6f29431f55fa1a8a9d4f8e87178ca83debcd,https://api.github.com/repos/golang/go/pulls/comments{/number},https://api.github.com/repos/golang/go/statuses/faae3af11861aa6828d4ac7815a1824adf67e4c6,https://github.com/golang/go/pull/12732,https://api.github.com/repos/golang/go/issues/12732/comments,2015-09-24T05:20:50Z,closed,https://github.com/golang/go/pull/12732.patch,yunkai,None,https://api.github.com/repos/golang/go/pulls/12732,https://api.github.com/repos/golang/go/pulls/12732/commits,https://api.github.com/repos/golang/go/issues/12732,https://github.com/yunkai,https://github.com/golang/go/pull/12732.diff,
2015-09-02T08:20:18Z,12447,https://api.github.com/repos/golang/go/pulls/12447/comments,Shemeless URLs support in net/http::Redirect(),True,7757d46bdb506bd762ab7af69ed25a6af58a5e08,https://api.github.com/repos/golang/go/pulls/comments{/number},https://api.github.com/repos/golang/go/statuses/a8265620621432b48a64faec062b1728b47157c2,https://github.com/golang/go/pull/12447,https://api.github.com/repos/golang/go/issues/12447/comments,2015-09-02T08:20:19Z,closed,https://github.com/golang/go/pull/12447.patch,honsiorovskyi,None,https://api.github.com/repos/golang/go/pulls/12447,https://api.github.com/repos/golang/go/pulls/12447/commits,https://api.github.com/repos/golang/go/issues/12447,https://github.com/honsiorovskyi,https://github.com/golang/go/pull/12447.diff,
2015-08-21T20:18:58Z,12264,https://api.github.com/repos/golang/go/pulls/12264/comments,encoding/asn1: Indefinite-length structured types and "ANY DEFINED BY",True,f109c4c059bba5ab336722c5646a220b78bd0962,https://api.github.com/repos/golang/go/pulls/comments{/number},https://api.github.com/repos/golang/go/statuses/c3859448eddb69de74f76851348a2eb7b9ff1632,https://github.com/golang/go/pull/12264,https://api.github.com/repos/golang/go/issues/12264/comments,2015-08-21T20:19:56Z,closed,https://github.com/golang/go/pull/12264.patch,dtbartle,None,https://api.github.com/repos/golang/go/pulls/12264,https://api.github.com/repos/golang/go/pulls/12264/commits,https://api.github.com/repos/golang/go/issues/12264,https://github.com/dtbartle,https://github.com/golang/go/pull/12264.diff,
2015-08-07T22:18:56Z,12072,https://api.github.com/repos/golang/go/pulls/12072/comments,all: typofix - https://github.com/vlajos/misspell_fixer,True,37e1ca9d0773ad7447715982cbaf96add5661f67,https://api.github.com/repos/golang/go/pulls/comments{/number},https://api.github.com/repos/golang/go/statuses/9be05b0df9a8c9509be7c79e8c19e35168ce65f7,https://github.com/golang/go/pull/12072,https://api.github.com/repos/golang/go/issues/12072/comments,2015-08-08T06:20:54Z,closed,https://github.com/golang/go/pull/12072.patch,vlajos,None,https://api.github.com/repos/golang/go/pulls/12072,https://api.github.com/repos/golang/go/pulls/12072/commits,https://api.github.com/repos/golang/go/issues/12072,https://github.com/vlajos,https://github.com/golang/go/pull/12072.diff,
2015-07-10T05:34:16Z,11649,https://api.github.com/repos/golang/go/pulls/11649/comments,net/http: Expose http server for ACME letsencrypt,True,None,https://api.github.com/repos/golang/go/pulls/comments{/number},https://api.github.com/repos/golang/go/statuses/1a30898568d34c8cbfee25edac386c1bdc05ea25,https://github.com/golang/go/pull/11649,https://api.github.com/repos/golang/go/issues/11649/comments,2015-07-10T05:43:20Z,closed,https://github.com/golang/go/pull/11649.patch,coolaj86,None,https://api.github.com/repos/golang/go/pulls/11649,https://api.github.com/repos/golang/go/pulls/11649/commits,https://api.github.com/repos/golang/go/issues/11649,https://github.com/coolaj86,https://github.com/golang/go/pull/11649.diff,
2015-06-01T16:17:58Z,11022,https://api.github.com/repos/golang/go/pulls/11022/comments,doc: slices section had extra words uneeded and confusing the sentence,True,18d2910785f25f5ee74d321e4be9b1fec191c3d4,https://api.github.com/repos/golang/go/pulls/comments{/number},https://api.github.com/repos/golang/go/statuses/38559b77fbc0ab4926f28628baec3ae9ab82614f,https://github.com/golang/go/pull/11022,https://api.github.com/repos/golang/go/issues/11022/comments,2015-06-01T16:21:30Z,closed,https://github.com/golang/go/pull/11022.patch,battlecow,None,https://api.github.com/repos/golang/go/pulls/11022,https://api.github.com/repos/golang/go/pulls/11022/commits,https://api.github.com/repos/golang/go/issues/11022,https://github.com/battlecow,https://github.com/golang/go/pull/11022.diff,
2015-05-28T08:50:23Z,10974,https://api.github.com/repos/golang/go/pulls/10974/comments,cmd/cgo: provides directly calling a c function without runtime thread pool involved.,True,404c350087e9747a824a092ba861ec7e2cbb8e5e,https://api.github.com/repos/golang/go/pulls/comments{/number},https://api.github.com/repos/golang/go/statuses/7520dba7a5e0dcca68001c68087a92b4746c2704,https://github.com/golang/go/pull/10974,https://api.github.com/repos/golang/go/issues/10974/comments,2015-05-28T12:30:26Z,closed,https://github.com/golang/go/pull/10974.patch,xiezhenye,None,https://api.github.com/repos/golang/go/pulls/10974,https://api.github.com/repos/golang/go/pulls/10974/commits,https://api.github.com/repos/golang/go/issues/10974,https://github.com/xiezhenye,https://github.com/golang/go/pull/10974.diff,
2015-05-26T22:50:35Z,10962,https://api.github.com/repos/golang/go/pulls/10962/comments,time: Update docstring for Format in format.go,True,21bcdf632b9e89dcede9281da460b0a44cb5f7a5,https://api.github.com/repos/golang/go/pulls/comments{/number},https://api.github.com/repos/golang/go/statuses/3682ecb51ab9d98c8a0b9bb292a1ed109d63cd61,https://github.com/golang/go/pull/10962,https://api.github.com/repos/golang/go/issues/10962/comments,2015-05-26T22:53:23Z,closed,https://github.com/golang/go/pull/10962.patch,AlexFinkel,None,https://api.github.com/repos/golang/go/pulls/10962,https://api.github.com/repos/golang/go/pulls/10962/commits,https://api.github.com/repos/golang/go/issues/10962,https://github.com/AlexFinkel,https://github.com/golang/go/pull/10962.diff,
2015-05-11T06:07:08Z,10777,https://api.github.com/repos/golang/go/pulls/10777/comments,run.bash: quoted subshells to prevent word splitting,True,8189cf48a3af9220a811d8d70d7d75dda50366b1,https://api.github.com/repos/golang/go/pulls/comments{/number},https://api.github.com/repos/golang/go/statuses/95c98d6d4b6093927d22d6df21053ef708e97871,https://github.com/golang/go/pull/10777,https://api.github.com/repos/golang/go/issues/10777/comments,2015-05-11T06:08:00Z,closed,https://github.com/golang/go/pull/10777.patch,adamar,None,https://api.github.com/repos/golang/go/pulls/10777,https://api.github.com/repos/golang/go/pulls/10777/commits,https://api.github.com/repos/golang/go/issues/10777,https://github.com/adamar,https://github.com/golang/go/pull/10777.diff,
2015-05-07T15:59:58Z,10744,https://api.github.com/repos/golang/go/pulls/10744/comments,doc: Update signature for File.Read to match code example,True,ac6b72065ab815374bd2c6d7c0d289b0fc99a0f4,https://api.github.com/repos/golang/go/pulls/comments{/number},https://api.github.com/repos/golang/go/statuses/1a0b853f897e7971826bec97f4a36df56315e3c5,https://github.com/golang/go/pull/10744,https://api.github.com/repos/golang/go/issues/10744/comments,2015-05-07T16:35:44Z,closed,https://github.com/golang/go/pull/10744.patch,brettcannon,None,https://api.github.com/repos/golang/go/pulls/10744,https://api.github.com/repos/golang/go/pulls/10744/commits,https://api.github.com/repos/golang/go/issues/10744,https://github.com/brettcannon,https://github.com/golang/go/pull/10744.diff,
2015-05-02T01:55:22Z,10665,https://api.github.com/repos/golang/go/pulls/10665/comments,net/url: Catch URL Parse error with port and no scheme,True,e00ae6db43b0fc1ab6089c537f50248aadcc0b72,https://api.github.com/repos/golang/go/pulls/comments{/number},https://api.github.com/repos/golang/go/statuses/d81ca604a43da084159e74e9f11785bc499e5aa9,https://github.com/golang/go/pull/10665,https://api.github.com/repos/golang/go/issues/10665/comments,2015-05-02T01:59:30Z,closed,https://github.com/golang/go/pull/10665.patch,grbritz,None,https://api.github.com/repos/golang/go/pulls/10665,https://api.github.com/repos/golang/go/pulls/10665/commits,https://api.github.com/repos/golang/go/issues/10665,https://github.com/grbritz,https://github.com/golang/go/pull/10665.diff,
2015-04-18T15:50:26Z,10498,https://api.github.com/repos/golang/go/pulls/10498/comments,database/sql: Updated some documentation for "prepare".,True,49e9f2978281cc362cb568d5247cf472ab199d34,https://api.github.com/repos/golang/go/pulls/comments{/number},https://api.github.com/repos/golang/go/statuses/194b7259cbd09d5d97059b1baf605b32f451d30f,https://github.com/golang/go/pull/10498,https://api.github.com/repos/golang/go/issues/10498/comments,2015-04-18T18:49:24Z,closed,https://github.com/golang/go/pull/10498.patch,dlochrie,None,https://api.github.com/repos/golang/go/pulls/10498,https://api.github.com/repos/golang/go/pulls/10498/commits,https://api.github.com/repos/golang/go/issues/10498,https://github.com/dlochrie,https://github.com/golang/go/pull/10498.diff,
2015-04-13T14:11:34Z,10434,https://api.github.com/repos/golang/go/pulls/10434/comments,net/http: Update Request documentation to include detail about Form population.,True,d14cab73162b49d789733f3a2ba7c46d6a963e30,https://api.github.com/repos/golang/go/pulls/comments{/number},https://api.github.com/repos/golang/go/statuses/fe12761590c297a7693f437d4c0c035a72fdf995,https://github.com/golang/go/pull/10434,https://api.github.com/repos/golang/go/issues/10434/comments,2015-04-13T17:57:52Z,closed,https://github.com/golang/go/pull/10434.patch,bobbytables,None,https://api.github.com/repos/golang/go/pulls/10434,https://api.github.com/repos/golang/go/pulls/10434/commits,https://api.github.com/repos/golang/go/issues/10434,https://github.com/bobbytables,https://github.com/golang/go/pull/10434.diff,
2015-04-06T04:31:15Z,10352,https://api.github.com/repos/golang/go/pulls/10352/comments,cmd/yacc: Use golint-preferred initialism in generated code.,True,d37b98e0aecc303fcd68aeac439d085aa8f4675b,https://api.github.com/repos/golang/go/pulls/comments{/number},https://api.github.com/repos/golang/go/statuses/eb1b1e2ca4c1982ec5a601bbf922f007339a47d2,https://github.com/golang/go/pull/10352,https://api.github.com/repos/golang/go/issues/10352/comments,2015-04-06T04:50:59Z,closed,https://github.com/golang/go/pull/10352.patch,jaqx0r,None,https://api.github.com/repos/golang/go/pulls/10352,https://api.github.com/repos/golang/go/pulls/10352/commits,https://api.github.com/repos/golang/go/issues/10352,https://github.com/jaqx0r,https://github.com/golang/go/pull/10352.diff,
2015-04-04T23:04:21Z,10349,https://api.github.com/repos/golang/go/pulls/10349/comments,net: Update comment on the `To4` function.,True,a00566fef79d0f019b98f8435831f0655d0b80ad,https://api.github.com/repos/golang/go/pulls/comments{/number},https://api.github.com/repos/golang/go/statuses/acc36f022449e4b15511d2e4ffa5cfbcffdabd8a,https://github.com/golang/go/pull/10349,https://api.github.com/repos/golang/go/issues/10349/comments,2015-04-04T23:08:26Z,closed,https://github.com/golang/go/pull/10349.patch,yawboakye,None,https://api.github.com/repos/golang/go/pulls/10349,https://api.github.com/repos/golang/go/pulls/10349/commits,https://api.github.com/repos/golang/go/issues/10349,https://github.com/yawboakye,https://github.com/golang/go/pull/10349.diff,
2015-04-03T07:37:26Z,10331,https://api.github.com/repos/golang/go/pulls/10331/comments,go/vcs: Removed directory check for vcs detection,True,a894d0658c3bd4eebbfdb3bb69908572f3a319fe,https://api.github.com/repos/golang/go/pulls/comments{/number},https://api.github.com/repos/golang/go/statuses/96f50a5250d4194c7589c29c2c17d79e1571984f,https://github.com/golang/go/pull/10331,https://api.github.com/repos/golang/go/issues/10331/comments,2015-04-03T07:53:29Z,closed,https://github.com/golang/go/pull/10331.patch,jpcummins,None,https://api.github.com/repos/golang/go/pulls/10331,https://api.github.com/repos/golang/go/pulls/10331/commits,https://api.github.com/repos/golang/go/issues/10331,https://github.com/jpcummins,https://github.com/golang/go/pull/10331.diff,
2015-03-08T16:59:03Z,10114,https://api.github.com/repos/golang/go/pulls/10114/comments,sort: Spelling mistake,True,b084247bcbd79ed10982bcd0792cd19371ac9e1b,https://api.github.com/repos/golang/go/pulls/comments{/number},https://api.github.com/repos/golang/go/statuses/2e0d271c21c690ff7c782fb2417ab64a405ddc5a,https://github.com/golang/go/pull/10114,https://api.github.com/repos/golang/go/issues/10114/comments,2015-03-08T17:19:42Z,closed,https://github.com/golang/go/pull/10114.patch,zg,None,https://api.github.com/repos/golang/go/pulls/10114,https://api.github.com/repos/golang/go/pulls/10114/commits,https://api.github.com/repos/golang/go/issues/10114,https://github.com/zg,https://github.com/golang/go/pull/10114.diff,
2015-03-04T21:01:16Z,10082,https://api.github.com/repos/golang/go/pulls/10082/comments,cmd/go: Update vcs.go,True,a83ebff88818a678e76ba6265fbad43d4a7cb114,https://api.github.com/repos/golang/go/pulls/comments{/number},https://api.github.com/repos/golang/go/statuses/c1d4eef71bd611d0ba2ddf4c2cc4a7468f4c36f4,https://github.com/golang/go/pull/10082,https://api.github.com/repos/golang/go/issues/10082/comments,2015-03-04T21:44:59Z,closed,https://github.com/golang/go/pull/10082.patch,orchid-hybrid,None,https://api.github.com/repos/golang/go/pulls/10082,https://api.github.com/repos/golang/go/pulls/10082/commits,https://api.github.com/repos/golang/go/issues/10082,https://github.com/orchid-hybrid,https://github.com/golang/go/pull/10082.diff,
2015-02-18T23:07:29Z,9925,https://api.github.com/repos/golang/go/pulls/9925/comments,math: Create sumto.go,True,8baabda07ad43d8dc0328bd1905636eb251a317a,https://api.github.com/repos/golang/go/pulls/comments{/number},https://api.github.com/repos/golang/go/statuses/9c30eb000ddbd60214fbab2ad5425dbf43f95abe,https://github.com/golang/go/pull/9925,https://api.github.com/repos/golang/go/issues/9925/comments,2015-02-18T23:10:06Z,closed,https://github.com/golang/go/pull/9925.patch,PlastecProfiles,None,https://api.github.com/repos/golang/go/pulls/9925,https://api.github.com/repos/golang/go/pulls/9925/commits,https://api.github.com/repos/golang/go/issues/9925,https://github.com/PlastecProfiles,https://github.com/golang/go/pull/9925.diff,
2015-02-14T13:26:40Z,9874,https://api.github.com/repos/golang/go/pulls/9874/comments,net/http: Adding description for undocumented behavior,True,dc882c5694186ce3151d3349b340febfcc7ad01c,https://api.github.com/repos/golang/go/pulls/comments{/number},https://api.github.com/repos/golang/go/statuses/43425660efca46e2833b3c5d9063266f7cb56411,https://github.com/golang/go/pull/9874,https://api.github.com/repos/golang/go/issues/9874/comments,2015-02-14T15:51:55Z,closed,https://github.com/golang/go/pull/9874.patch,laszlothewiz,None,https://api.github.com/repos/golang/go/pulls/9874,https://api.github.com/repos/golang/go/pulls/9874/commits,https://api.github.com/repos/golang/go/issues/9874,https://github.com/laszlothewiz,https://github.com/golang/go/pull/9874.diff,
2015-01-27T23:29:41Z,9703,https://api.github.com/repos/golang/go/pulls/9703/comments,cmd/dist: update build msg notice,True,cd7078a72b7b83f75c0fd35a9f360c7c892c39d7,https://api.github.com/repos/golang/go/pulls/comments{/number},https://api.github.com/repos/golang/go/statuses/b799e37027d6af2a2b107e50aea46edb402bb4aa,https://github.com/golang/go/pull/9703,https://api.github.com/repos/golang/go/issues/9703/comments,2015-01-27T23:32:50Z,closed,https://github.com/golang/go/pull/9703.patch,sagivo,None,https://api.github.com/repos/golang/go/pulls/9703,https://api.github.com/repos/golang/go/pulls/9703/commits,https://api.github.com/repos/golang/go/issues/9703,https://github.com/sagivo,https://github.com/golang/go/pull/9703.diff,
2015-01-08T18:10:11Z,9536,https://api.github.com/repos/golang/go/pulls/9536/comments,runtime: s/runtime.rtype/runtime._type/g in runtime-gdb.py,True,fc5e232b73497905ce0b49f22a4a69dc043216dc,https://api.github.com/repos/golang/go/pulls/comments{/number},https://api.github.com/repos/golang/go/statuses/1bde51358cdf6c5042cd371775f6be526eb7e48b,https://github.com/golang/go/pull/9536,https://api.github.com/repos/golang/go/issues/9536/comments,2015-01-08T18:21:21Z,closed,https://github.com/golang/go/pull/9536.patch,custa,None,https://api.github.com/repos/golang/go/pulls/9536,https://api.github.com/repos/golang/go/pulls/9536/commits,https://api.github.com/repos/golang/go/issues/9536,https://github.com/custa,https://github.com/golang/go/pull/9536.diff,
2014-12-31T10:06:40Z,9480,https://api.github.com/repos/golang/go/pulls/9480/comments,container/list: make MoveBefore and MoveAfter a bit more flexible,True,41d569e1b7ddd4e5fe264ffa756bec743d8a70c9,https://api.github.com/repos/golang/go/pulls/comments{/number},https://api.github.com/repos/golang/go/statuses/1496fd55af87820bdebc84fd96448c6c3473d72e,https://github.com/golang/go/pull/9480,https://api.github.com/repos/golang/go/issues/9480/comments,2014-12-31T10:10:01Z,closed,https://github.com/golang/go/pull/9480.patch,chanxuehong,None,https://api.github.com/repos/golang/go/pulls/9480,https://api.github.com/repos/golang/go/pulls/9480/commits,https://api.github.com/repos/golang/go/issues/9480,https://github.com/chanxuehong,https://github.com/golang/go/pull/9480.diff,
2014-12-24T11:12:41Z,9436,https://api.github.com/repos/golang/go/pulls/9436/comments,testing/iotest: fix typo s/written/read/,True,94f1522bede918b87a833776e52820f5047d62cf,https://api.github.com/repos/golang/go/pulls/comments{/number},https://api.github.com/repos/golang/go/statuses/e0037d0b63b7b4e385c80aa7bf24b9c89d645336,https://github.com/golang/go/pull/9436,https://api.github.com/repos/golang/go/issues/9436/comments,2014-12-24T11:26:47Z,closed,https://github.com/golang/go/pull/9436.patch,jdoliner,None,https://api.github.com/repos/golang/go/pulls/9436,https://api.github.com/repos/golang/go/pulls/9436/commits,https://api.github.com/repos/golang/go/issues/9436,https://github.com/jdoliner,https://github.com/golang/go/pull/9436.diff,
2014-12-22T14:13:46Z,9417,https://api.github.com/repos/golang/go/pulls/9417/comments,all: fix top-level comment BUG needs a (who) part,True,0e6206fc778c4be09f30c9b6aea4617b7ae1bcad,https://api.github.com/repos/golang/go/pulls/comments{/number},https://api.github.com/repos/golang/go/statuses/4ee1b4bb7391b360db28ae344425b49f6370d3a5,https://github.com/golang/go/pull/9417,https://api.github.com/repos/golang/go/issues/9417/comments,2014-12-22T15:46:36Z,closed,https://github.com/golang/go/pull/9417.patch,areski,None,https://api.github.com/repos/golang/go/pulls/9417,https://api.github.com/repos/golang/go/pulls/9417/commits,https://api.github.com/repos/golang/go/issues/9417,https://github.com/areski,https://github.com/golang/go/pull/9417.diff,
2014-12-18T05:20:11Z,9376,https://api.github.com/repos/golang/go/pulls/9376/comments,README.md: wrong URLification on github,True,f32fa435df73fa6e1d04a94f3bafd49b7cb883d7,https://api.github.com/repos/golang/go/pulls/comments{/number},https://api.github.com/repos/golang/go/statuses/682d54288952b4b55fb895e24334962635d63d34,https://github.com/golang/go/pull/9376,https://api.github.com/repos/golang/go/issues/9376/comments,2014-12-18T05:22:43Z,closed,https://github.com/golang/go/pull/9376.patch,rinoreji,None,https://api.github.com/repos/golang/go/pulls/9376,https://api.github.com/repos/golang/go/pulls/9376/commits,https://api.github.com/repos/golang/go/issues/9376,https://github.com/rinoreji,https://github.com/golang/go/pull/9376.diff,
2014-12-16T00:51:40Z,9333,https://api.github.com/repos/golang/go/pulls/9333/comments,crypto/tls: add support for AES_256_GCM_SHA384 cipher suites as specified in RFC5289,True,ba207052f1cda02d3dfdff102a7b0bc01fa34fa9,https://api.github.com/repos/golang/go/pulls/comments{/number},https://api.github.com/repos/golang/go/statuses/0dec6e841d51c05190865fde8bc48a5b31a2c91d,https://github.com/golang/go/pull/9333,https://api.github.com/repos/golang/go/issues/9333/comments,2014-12-16T12:51:30Z,closed,https://github.com/golang/go/pull/9333.patch,jacobhaven,None,https://api.github.com/repos/golang/go/pulls/9333,https://api.github.com/repos/golang/go/pulls/9333/commits,https://api.github.com/repos/golang/go/issues/9333,https://github.com/jacobhaven,https://github.com/golang/go/pull/9333.diff,
2014-12-12T22:58:15Z,9299,https://api.github.com/repos/golang/go/pulls/9299/comments,cmd/go: use Runnable method,True,56fa443817ca4fff8ee6a358ee50649138ad0eaf,https://api.github.com/repos/golang/go/pulls/comments{/number},https://api.github.com/repos/golang/go/statuses/054b05767c8ddf3d83831fb510158f647f150668,https://github.com/golang/go/pull/9299,https://api.github.com/repos/golang/go/issues/9299/comments,2014-12-12T23:01:46Z,closed,https://github.com/golang/go/pull/9299.patch,sWoRm,None,https://api.github.com/repos/golang/go/pulls/9299,https://api.github.com/repos/golang/go/pulls/9299/commits,https://api.github.com/repos/golang/go/issues/9299,https://github.com/sWoRm,https://github.com/golang/go/pull/9299.diff,
2014-12-12T16:17:12Z,9289,https://api.github.com/repos/golang/go/pulls/9289/comments,.gitattributes: don't CRLF mangle binary files.,True,a61739f9ac590a2f34680ff270b4bc51b495de1e,https://api.github.com/repos/golang/go/pulls/comments{/number},https://api.github.com/repos/golang/go/statuses/1cc3da26e8fe31b2ecac8aeb7631698566f67cfd,https://github.com/golang/go/pull/9289,https://api.github.com/repos/golang/go/issues/9289/comments,2014-12-12T16:24:55Z,closed,https://github.com/golang/go/pull/9289.patch,marcopeereboom,None,https://api.github.com/repos/golang/go/pulls/9289,https://api.github.com/repos/golang/go/pulls/9289/commits,https://api.github.com/repos/golang/go/issues/9289,https://github.com/marcopeereboom,https://github.com/golang/go/pull/9289.diff,
2014-12-08T11:12:46Z,9220,https://api.github.com/repos/golang/go/pulls/9220/comments,The Go project does not use pull requests.,True,984442c9bb74dd1131b3c58a6a8150ab90b8b93e,https://api.github.com/repos/golang/go/pulls/comments{/number},https://api.github.com/repos/golang/go/statuses/4e4dfe737f03ae4a6df6bb2ad156c30ee2e048db,https://github.com/golang/go/pull/9220,https://api.github.com/repos/golang/go/issues/9220/comments,2017-02-15T22:47:22Z,closed,https://github.com/golang/go/pull/9220.patch,adg,None,https://api.github.com/repos/golang/go/pulls/9220,https://api.github.com/repos/golang/go/pulls/9220/commits,https://api.github.com/repos/golang/go/issues/9220,https://github.com/adg,https://github.com/golang/go/pull/9220.diff,
2014-12-08T10:59:42Z,9219,https://api.github.com/repos/golang/go/pulls/9219/comments,net/url: Fixed url parsing with invalid slashes.,True,95eff2faa347ec6ff2ea823eb1693771be422b1a,https://api.github.com/repos/golang/go/pulls/comments{/number},https://api.github.com/repos/golang/go/statuses/f981bf8e20c13946c627dc841cedbe1a694917d6,https://github.com/golang/go/pull/9219,https://api.github.com/repos/golang/go/issues/9219/comments,2014-12-08T11:00:35Z,closed,https://github.com/golang/go/pull/9219.patch,odeke-em,None,https://api.github.com/repos/golang/go/pulls/9219,https://api.github.com/repos/golang/go/pulls/9219/commits,https://api.github.com/repos/golang/go/issues/9219,https://github.com/odeke-em,https://github.com/golang/go/pull/9219.diff,
