commit_url,name,commit_sha,tarball_url,zipball_url,
https://api.github.com/repos/golang/go/commits/3895b5051df256b442d0b0af50debfffd8d75164,weekly.2012-03-27,3895b5051df256b442d0b0af50debfffd8d75164,https://api.github.com/repos/golang/go/tarball/weekly.2012-03-27,https://api.github.com/repos/golang/go/zipball/weekly.2012-03-27,
https://api.github.com/repos/golang/go/commits/da7959d5dd1a230868d8eca9dbf11b4d54e8915a,weekly.2012-03-22,da7959d5dd1a230868d8eca9dbf11b4d54e8915a,https://api.github.com/repos/golang/go/tarball/weekly.2012-03-22,https://api.github.com/repos/golang/go/zipball/weekly.2012-03-22,
https://api.github.com/repos/golang/go/commits/9ef03fdf7778f23aa304a03888e4e0f698a3ef84,weekly.2012-03-13,9ef03fdf7778f23aa304a03888e4e0f698a3ef84,https://api.github.com/repos/golang/go/tarball/weekly.2012-03-13,https://api.github.com/repos/golang/go/zipball/weekly.2012-03-13,
https://api.github.com/repos/golang/go/commits/56208edb8dfc297efde71f18730dfb09b3dcb928,weekly.2012-03-04,56208edb8dfc297efde71f18730dfb09b3dcb928,https://api.github.com/repos/golang/go/tarball/weekly.2012-03-04,https://api.github.com/repos/golang/go/zipball/weekly.2012-03-04,
https://api.github.com/repos/golang/go/commits/6419bbbfd310d0e48b3de60c8891a8f0fcc98b6f,weekly.2012-02-22,6419bbbfd310d0e48b3de60c8891a8f0fcc98b6f,https://api.github.com/repos/golang/go/tarball/weekly.2012-02-22,https://api.github.com/repos/golang/go/zipball/weekly.2012-02-22,
https://api.github.com/repos/golang/go/commits/da8f037b57241b0b84fab9d4c9e69b53e7118850,weekly.2012-02-14,da8f037b57241b0b84fab9d4c9e69b53e7118850,https://api.github.com/repos/golang/go/tarball/weekly.2012-02-14,https://api.github.com/repos/golang/go/zipball/weekly.2012-02-14,
https://api.github.com/repos/golang/go/commits/d3f8f0c258be17e742abb59da26025a6b5656c7b,weekly.2012-02-07,d3f8f0c258be17e742abb59da26025a6b5656c7b,https://api.github.com/repos/golang/go/tarball/weekly.2012-02-07,https://api.github.com/repos/golang/go/zipball/weekly.2012-02-07,
https://api.github.com/repos/golang/go/commits/6786185fd6245c522dce647163d2b33708c0b46d,weekly.2012-01-27,6786185fd6245c522dce647163d2b33708c0b46d,https://api.github.com/repos/golang/go/tarball/weekly.2012-01-27,https://api.github.com/repos/golang/go/zipball/weekly.2012-01-27,
https://api.github.com/repos/golang/go/commits/22ef504654079bd0a6f227b7485ce0657bf205e1,weekly.2012-01-20,22ef504654079bd0a6f227b7485ce0657bf205e1,https://api.github.com/repos/golang/go/tarball/weekly.2012-01-20,https://api.github.com/repos/golang/go/zipball/weekly.2012-01-20,
https://api.github.com/repos/golang/go/commits/a19870744979bdce3eff58776be42e399ed8f6f1,weekly.2012-01-15,a19870744979bdce3eff58776be42e399ed8f6f1,https://api.github.com/repos/golang/go/tarball/weekly.2012-01-15,https://api.github.com/repos/golang/go/zipball/weekly.2012-01-15,
https://api.github.com/repos/golang/go/commits/1a06b513e758355f769cd894782c34751ba5722d,weekly.2011-12-22,1a06b513e758355f769cd894782c34751ba5722d,https://api.github.com/repos/golang/go/tarball/weekly.2011-12-22,https://api.github.com/repos/golang/go/zipball/weekly.2011-12-22,
https://api.github.com/repos/golang/go/commits/3388e9f67b2ebb30bbd115c13b3ac4728c7ff9c1,weekly.2011-12-14,3388e9f67b2ebb30bbd115c13b3ac4728c7ff9c1,https://api.github.com/repos/golang/go/tarball/weekly.2011-12-14,https://api.github.com/repos/golang/go/zipball/weekly.2011-12-14,
https://api.github.com/repos/golang/go/commits/8d1da1c66ad9e2d9bf6028e7dfff5d1f2151d494,weekly.2011-12-06,8d1da1c66ad9e2d9bf6028e7dfff5d1f2151d494,https://api.github.com/repos/golang/go/tarball/weekly.2011-12-06,https://api.github.com/repos/golang/go/zipball/weekly.2011-12-06,
https://api.github.com/repos/golang/go/commits/7af813a7f2b62734e40628c341cb3afa4c85641c,weekly.2011-12-02,7af813a7f2b62734e40628c341cb3afa4c85641c,https://api.github.com/repos/golang/go/tarball/weekly.2011-12-02,https://api.github.com/repos/golang/go/zipball/weekly.2011-12-02,
https://api.github.com/repos/golang/go/commits/9dd07f680a4a8ddb0f750a0de89ccc880e322147,weekly.2011-12-01,9dd07f680a4a8ddb0f750a0de89ccc880e322147,https://api.github.com/repos/golang/go/tarball/weekly.2011-12-01,https://api.github.com/repos/golang/go/zipball/weekly.2011-12-01,
https://api.github.com/repos/golang/go/commits/3af28bd886ca5a64128aa2118aac818c61871dad,weekly.2011-11-18,3af28bd886ca5a64128aa2118aac818c61871dad,https://api.github.com/repos/golang/go/tarball/weekly.2011-11-18,https://api.github.com/repos/golang/go/zipball/weekly.2011-11-18,
https://api.github.com/repos/golang/go/commits/d83cc435e4c324e34aa10af72c1aa7f4fa47d4c1,weekly.2011-11-09,d83cc435e4c324e34aa10af72c1aa7f4fa47d4c1,https://api.github.com/repos/golang/go/tarball/weekly.2011-11-09,https://api.github.com/repos/golang/go/zipball/weekly.2011-11-09,
https://api.github.com/repos/golang/go/commits/4b39d115a0228d9c88b47f2fd86c9d6377ba7273,weekly.2011-11-08,4b39d115a0228d9c88b47f2fd86c9d6377ba7273,https://api.github.com/repos/golang/go/tarball/weekly.2011-11-08,https://api.github.com/repos/golang/go/zipball/weekly.2011-11-08,
https://api.github.com/repos/golang/go/commits/ede44c68a48ba579defa08d1df94b268c93ab8e3,weekly.2011-11-02,ede44c68a48ba579defa08d1df94b268c93ab8e3,https://api.github.com/repos/golang/go/tarball/weekly.2011-11-02,https://api.github.com/repos/golang/go/zipball/weekly.2011-11-02,
https://api.github.com/repos/golang/go/commits/08757f722c84260399d3eb1236c0c1ed305e017a,weekly.2011-11-01,08757f722c84260399d3eb1236c0c1ed305e017a,https://api.github.com/repos/golang/go/tarball/weekly.2011-11-01,https://api.github.com/repos/golang/go/zipball/weekly.2011-11-01,
https://api.github.com/repos/golang/go/commits/659f1f208af02a3dd5cc13da0d4f8756a3cc5369,weekly.2011-10-26,659f1f208af02a3dd5cc13da0d4f8756a3cc5369,https://api.github.com/repos/golang/go/tarball/weekly.2011-10-26,https://api.github.com/repos/golang/go/zipball/weekly.2011-10-26,
https://api.github.com/repos/golang/go/commits/cdd3d6932853ec2fb2ac0a693143b22098adb012,weekly.2011-10-25,cdd3d6932853ec2fb2ac0a693143b22098adb012,https://api.github.com/repos/golang/go/tarball/weekly.2011-10-25,https://api.github.com/repos/golang/go/zipball/weekly.2011-10-25,
https://api.github.com/repos/golang/go/commits/ac21766c958dc1341d79f17c36cc686ed936e6d4,weekly.2011-10-18,ac21766c958dc1341d79f17c36cc686ed936e6d4,https://api.github.com/repos/golang/go/tarball/weekly.2011-10-18,https://api.github.com/repos/golang/go/zipball/weekly.2011-10-18,
https://api.github.com/repos/golang/go/commits/2b0d7f0836b87dd346e3a815d3bbb593f8e1a3f6,weekly.2011-10-06,2b0d7f0836b87dd346e3a815d3bbb593f8e1a3f6,https://api.github.com/repos/golang/go/tarball/weekly.2011-10-06,https://api.github.com/repos/golang/go/zipball/weekly.2011-10-06,
https://api.github.com/repos/golang/go/commits/e4ac43b7f07379715cbed7355bc3710e709c34ef,weekly.2011-09-21,e4ac43b7f07379715cbed7355bc3710e709c34ef,https://api.github.com/repos/golang/go/tarball/weekly.2011-09-21,https://api.github.com/repos/golang/go/zipball/weekly.2011-09-21,
https://api.github.com/repos/golang/go/commits/b0e3edab0e5439505f6ac79a9a96ab19478a065b,weekly.2011-09-16,b0e3edab0e5439505f6ac79a9a96ab19478a065b,https://api.github.com/repos/golang/go/tarball/weekly.2011-09-16,https://api.github.com/repos/golang/go/zipball/weekly.2011-09-16,
https://api.github.com/repos/golang/go/commits/c5c656aee37f8e6f53a574bacf42c944bd2630a2,weekly.2011-09-07,c5c656aee37f8e6f53a574bacf42c944bd2630a2,https://api.github.com/repos/golang/go/tarball/weekly.2011-09-07,https://api.github.com/repos/golang/go/zipball/weekly.2011-09-07,
https://api.github.com/repos/golang/go/commits/ca64a37d9d925dec179e1142097dc9f135807656,weekly.2011-09-01,ca64a37d9d925dec179e1142097dc9f135807656,https://api.github.com/repos/golang/go/tarball/weekly.2011-09-01,https://api.github.com/repos/golang/go/zipball/weekly.2011-09-01,
https://api.github.com/repos/golang/go/commits/1491a20540f377b6f83f5c4a8e823ca20d27d6c5,weekly.2011-08-17,1491a20540f377b6f83f5c4a8e823ca20d27d6c5,https://api.github.com/repos/golang/go/tarball/weekly.2011-08-17,https://api.github.com/repos/golang/go/zipball/weekly.2011-08-17,
https://api.github.com/repos/golang/go/commits/da7e1ba00b7c223b24a175b0bbefb7b1f26ec1af,weekly.2011-08-10,da7e1ba00b7c223b24a175b0bbefb7b1f26ec1af,https://api.github.com/repos/golang/go/tarball/weekly.2011-08-10,https://api.github.com/repos/golang/go/zipball/weekly.2011-08-10,
https://api.github.com/repos/golang/go/commits/b583108436b22f32d0ddb67b68ca890d306d0fb5,weekly.2011-07-29,b583108436b22f32d0ddb67b68ca890d306d0fb5,https://api.github.com/repos/golang/go/tarball/weekly.2011-07-29,https://api.github.com/repos/golang/go/zipball/weekly.2011-07-29,
https://api.github.com/repos/golang/go/commits/50ddb98b243e35de1dbe572bc5240129054af9f6,weekly.2011-07-19,50ddb98b243e35de1dbe572bc5240129054af9f6,https://api.github.com/repos/golang/go/tarball/weekly.2011-07-19,https://api.github.com/repos/golang/go/zipball/weekly.2011-07-19,
https://api.github.com/repos/golang/go/commits/4f03ef7993ce7aa125530010b6b8bf3c4ae2cfa0,weekly.2011-07-07,4f03ef7993ce7aa125530010b6b8bf3c4ae2cfa0,https://api.github.com/repos/golang/go/tarball/weekly.2011-07-07,https://api.github.com/repos/golang/go/zipball/weekly.2011-07-07,
https://api.github.com/repos/golang/go/commits/30d08b404cc52a7378090287ee8ead2411e9b530,weekly.2011-06-23,30d08b404cc52a7378090287ee8ead2411e9b530,https://api.github.com/repos/golang/go/tarball/weekly.2011-06-23,https://api.github.com/repos/golang/go/zipball/weekly.2011-06-23,
https://api.github.com/repos/golang/go/commits/d6b9dd8b81a4a2969a02ddab9e39532bfb33fafb,weekly.2011-06-16,d6b9dd8b81a4a2969a02ddab9e39532bfb33fafb,https://api.github.com/repos/golang/go/tarball/weekly.2011-06-16,https://api.github.com/repos/golang/go/zipball/weekly.2011-06-16,
https://api.github.com/repos/golang/go/commits/11b04261c754c67ad4c4ef13b667854c5ecb64e8,weekly.2011-06-09,11b04261c754c67ad4c4ef13b667854c5ecb64e8,https://api.github.com/repos/golang/go/tarball/weekly.2011-06-09,https://api.github.com/repos/golang/go/zipball/weekly.2011-06-09,
https://api.github.com/repos/golang/go/commits/897ad0c05ee2af17c7740f793f8136d7404e87f5,weekly.2011-06-02,897ad0c05ee2af17c7740f793f8136d7404e87f5,https://api.github.com/repos/golang/go/tarball/weekly.2011-06-02,https://api.github.com/repos/golang/go/zipball/weekly.2011-06-02,
https://api.github.com/repos/golang/go/commits/f6742e7482c2b4fd1dada85c6318ecd59ccef8f6,weekly.2011-05-22,f6742e7482c2b4fd1dada85c6318ecd59ccef8f6,https://api.github.com/repos/golang/go/tarball/weekly.2011-05-22,https://api.github.com/repos/golang/go/zipball/weekly.2011-05-22,
https://api.github.com/repos/golang/go/commits/5a8ae387e2f22e1c255d96b052b868281ca83761,weekly.2011-04-27,5a8ae387e2f22e1c255d96b052b868281ca83761,https://api.github.com/repos/golang/go/tarball/weekly.2011-04-27,https://api.github.com/repos/golang/go/zipball/weekly.2011-04-27,
https://api.github.com/repos/golang/go/commits/0f03eedb878968851f36189f31fb3b1dfce31d84,weekly.2011-04-13,0f03eedb878968851f36189f31fb3b1dfce31d84,https://api.github.com/repos/golang/go/tarball/weekly.2011-04-13,https://api.github.com/repos/golang/go/zipball/weekly.2011-04-13,
https://api.github.com/repos/golang/go/commits/51319b1125473fc1732ef012cde40c512ec735a0,weekly.2011-04-04,51319b1125473fc1732ef012cde40c512ec735a0,https://api.github.com/repos/golang/go/tarball/weekly.2011-04-04,https://api.github.com/repos/golang/go/zipball/weekly.2011-04-04,
https://api.github.com/repos/golang/go/commits/33e41802f9ce0a2b88b344dbd04ecb025385c9aa,weekly.2011-03-28,33e41802f9ce0a2b88b344dbd04ecb025385c9aa,https://api.github.com/repos/golang/go/tarball/weekly.2011-03-28,https://api.github.com/repos/golang/go/zipball/weekly.2011-03-28,
https://api.github.com/repos/golang/go/commits/f538f2432eba1ca4f38bb919d795d6e9101ed374,weekly.2011-03-15,f538f2432eba1ca4f38bb919d795d6e9101ed374,https://api.github.com/repos/golang/go/tarball/weekly.2011-03-15,https://api.github.com/repos/golang/go/zipball/weekly.2011-03-15,
https://api.github.com/repos/golang/go/commits/251cdc917de92a6e710fb1bc8d3230c241d00577,weekly.2011-03-07.1,251cdc917de92a6e710fb1bc8d3230c241d00577,https://api.github.com/repos/golang/go/tarball/weekly.2011-03-07.1,https://api.github.com/repos/golang/go/zipball/weekly.2011-03-07.1,
https://api.github.com/repos/golang/go/commits/c1d44c9453506cdf5725a392aa03d9aa5df580af,weekly.2011-03-07,c1d44c9453506cdf5725a392aa03d9aa5df580af,https://api.github.com/repos/golang/go/tarball/weekly.2011-03-07,https://api.github.com/repos/golang/go/zipball/weekly.2011-03-07,
https://api.github.com/repos/golang/go/commits/625bcf9f16876865715508d837dd9c36a34e90d7,weekly.2011-02-24,625bcf9f16876865715508d837dd9c36a34e90d7,https://api.github.com/repos/golang/go/tarball/weekly.2011-02-24,https://api.github.com/repos/golang/go/zipball/weekly.2011-02-24,
https://api.github.com/repos/golang/go/commits/d8ba9a440c826c5ed94f93d2d9fb7e9bf394f472,weekly.2011-02-15,d8ba9a440c826c5ed94f93d2d9fb7e9bf394f472,https://api.github.com/repos/golang/go/tarball/weekly.2011-02-15,https://api.github.com/repos/golang/go/zipball/weekly.2011-02-15,
https://api.github.com/repos/golang/go/commits/b08746ee5e0bb7d0291221c85e1fdead9924b858,weekly.2011-02-01.1,b08746ee5e0bb7d0291221c85e1fdead9924b858,https://api.github.com/repos/golang/go/tarball/weekly.2011-02-01.1,https://api.github.com/repos/golang/go/zipball/weekly.2011-02-01.1,
https://api.github.com/repos/golang/go/commits/7aa758df0ce7578ff8b4e326eef777d8f10f70c4,weekly.2011-02-01,7aa758df0ce7578ff8b4e326eef777d8f10f70c4,https://api.github.com/repos/golang/go/tarball/weekly.2011-02-01,https://api.github.com/repos/golang/go/zipball/weekly.2011-02-01,
https://api.github.com/repos/golang/go/commits/34c1b13c2a0d8d66db353b7b62e9379c2a887a2e,weekly.2011-01-20,34c1b13c2a0d8d66db353b7b62e9379c2a887a2e,https://api.github.com/repos/golang/go/tarball/weekly.2011-01-20,https://api.github.com/repos/golang/go/zipball/weekly.2011-01-20,
https://api.github.com/repos/golang/go/commits/4b7fab83b571813ad56a15b653ed0ade0cf5b52e,weekly.2011-01-19,4b7fab83b571813ad56a15b653ed0ade0cf5b52e,https://api.github.com/repos/golang/go/tarball/weekly.2011-01-19,https://api.github.com/repos/golang/go/zipball/weekly.2011-01-19,
https://api.github.com/repos/golang/go/commits/c3e33975aa8d256984ba897ab88d1ca7cad4940a,weekly.2011-01-12,c3e33975aa8d256984ba897ab88d1ca7cad4940a,https://api.github.com/repos/golang/go/tarball/weekly.2011-01-12,https://api.github.com/repos/golang/go/zipball/weekly.2011-01-12,
https://api.github.com/repos/golang/go/commits/41170c91e5f7854b2cdf980f314ae33907305018,weekly.2011-01-06,41170c91e5f7854b2cdf980f314ae33907305018,https://api.github.com/repos/golang/go/tarball/weekly.2011-01-06,https://api.github.com/repos/golang/go/zipball/weekly.2011-01-06,
https://api.github.com/repos/golang/go/commits/7d557ebc1d5220a1843c8f8f5a972eacc056af51,weekly.2010-12-22,7d557ebc1d5220a1843c8f8f5a972eacc056af51,https://api.github.com/repos/golang/go/tarball/weekly.2010-12-22,https://api.github.com/repos/golang/go/zipball/weekly.2010-12-22,
https://api.github.com/repos/golang/go/commits/db2263c46be330d035bed2af194da5b84d399943,weekly.2010-12-15.1,db2263c46be330d035bed2af194da5b84d399943,https://api.github.com/repos/golang/go/tarball/weekly.2010-12-15.1,https://api.github.com/repos/golang/go/zipball/weekly.2010-12-15.1,
https://api.github.com/repos/golang/go/commits/e4fbcb2c23a391ac0b0a5496bd6ccd4e4459a262,weekly.2010-12-15,e4fbcb2c23a391ac0b0a5496bd6ccd4e4459a262,https://api.github.com/repos/golang/go/tarball/weekly.2010-12-15,https://api.github.com/repos/golang/go/zipball/weekly.2010-12-15,
https://api.github.com/repos/golang/go/commits/f5ec1876c24c68b7418f5fd1415fe190a7ea27e9,weekly.2010-12-08,f5ec1876c24c68b7418f5fd1415fe190a7ea27e9,https://api.github.com/repos/golang/go/tarball/weekly.2010-12-08,https://api.github.com/repos/golang/go/zipball/weekly.2010-12-08,
https://api.github.com/repos/golang/go/commits/7f1b064f1ef3b31e57ec613776caf6d59a98fa10,weekly.2010-12-02,7f1b064f1ef3b31e57ec613776caf6d59a98fa10,https://api.github.com/repos/golang/go/tarball/weekly.2010-12-02,https://api.github.com/repos/golang/go/zipball/weekly.2010-12-02,
https://api.github.com/repos/golang/go/commits/fbfa971a162d57aa03ca2b3365b35c4d0998aea4,weekly.2010-11-23,fbfa971a162d57aa03ca2b3365b35c4d0998aea4,https://api.github.com/repos/golang/go/tarball/weekly.2010-11-23,https://api.github.com/repos/golang/go/zipball/weekly.2010-11-23,
https://api.github.com/repos/golang/go/commits/013af62ae9cf4c4e34ba40294090b496693a8647,weekly.2010-11-10,013af62ae9cf4c4e34ba40294090b496693a8647,https://api.github.com/repos/golang/go/tarball/weekly.2010-11-10,https://api.github.com/repos/golang/go/zipball/weekly.2010-11-10,
https://api.github.com/repos/golang/go/commits/1e86d46a7651d5895b1b9345497916ec40b1a5e7,weekly.2010-11-02,1e86d46a7651d5895b1b9345497916ec40b1a5e7,https://api.github.com/repos/golang/go/tarball/weekly.2010-11-02,https://api.github.com/repos/golang/go/zipball/weekly.2010-11-02,
https://api.github.com/repos/golang/go/commits/fded5fed0bfac968e73aae7b543bbd337debf4ef,weekly.2010-10-27,fded5fed0bfac968e73aae7b543bbd337debf4ef,https://api.github.com/repos/golang/go/tarball/weekly.2010-10-27,https://api.github.com/repos/golang/go/zipball/weekly.2010-10-27,
https://api.github.com/repos/golang/go/commits/ec2c9937f4515828875751e0ce3527b91df283b3,weekly.2010-10-20,ec2c9937f4515828875751e0ce3527b91df283b3,https://api.github.com/repos/golang/go/tarball/weekly.2010-10-20,https://api.github.com/repos/golang/go/zipball/weekly.2010-10-20,
https://api.github.com/repos/golang/go/commits/6b21949a9182773ae76175164793b9fe2ba131c6,weekly.2010-10-13.1,6b21949a9182773ae76175164793b9fe2ba131c6,https://api.github.com/repos/golang/go/tarball/weekly.2010-10-13.1,https://api.github.com/repos/golang/go/zipball/weekly.2010-10-13.1,
https://api.github.com/repos/golang/go/commits/39ee9a0396c77af540c7eb2f1775417ecb5aae6a,weekly.2010-10-13,39ee9a0396c77af540c7eb2f1775417ecb5aae6a,https://api.github.com/repos/golang/go/tarball/weekly.2010-10-13,https://api.github.com/repos/golang/go/zipball/weekly.2010-10-13,
https://api.github.com/repos/golang/go/commits/ab5b4283f7a8835c4491e60ffc91b02768b02d0c,weekly.2010-09-29,ab5b4283f7a8835c4491e60ffc91b02768b02d0c,https://api.github.com/repos/golang/go/tarball/weekly.2010-09-29,https://api.github.com/repos/golang/go/zipball/weekly.2010-09-29,
https://api.github.com/repos/golang/go/commits/71ee385ddfa552a1d1e79a512323b29ee065a0bc,weekly.2010-09-22,71ee385ddfa552a1d1e79a512323b29ee065a0bc,https://api.github.com/repos/golang/go/tarball/weekly.2010-09-22,https://api.github.com/repos/golang/go/zipball/weekly.2010-09-22,
https://api.github.com/repos/golang/go/commits/4e84006e805b7e1794882c71e171da6dc1ba6b53,weekly.2010-09-15,4e84006e805b7e1794882c71e171da6dc1ba6b53,https://api.github.com/repos/golang/go/tarball/weekly.2010-09-15,https://api.github.com/repos/golang/go/zipball/weekly.2010-09-15,
https://api.github.com/repos/golang/go/commits/863ba0427bb8ab344aaf9eb71d0f241d0d442c4f,weekly.2010-09-06,863ba0427bb8ab344aaf9eb71d0f241d0d442c4f,https://api.github.com/repos/golang/go/tarball/weekly.2010-09-06,https://api.github.com/repos/golang/go/zipball/weekly.2010-09-06,
https://api.github.com/repos/golang/go/commits/deb00ac3f43076e07d2774c2ea689f7d2ccb983b,weekly.2010-08-25,deb00ac3f43076e07d2774c2ea689f7d2ccb983b,https://api.github.com/repos/golang/go/tarball/weekly.2010-08-25,https://api.github.com/repos/golang/go/zipball/weekly.2010-08-25,
https://api.github.com/repos/golang/go/commits/9e23f2b2ce2dd3150ee15a80e72347d89ff5eba4,weekly.2010-08-11,9e23f2b2ce2dd3150ee15a80e72347d89ff5eba4,https://api.github.com/repos/golang/go/tarball/weekly.2010-08-11,https://api.github.com/repos/golang/go/zipball/weekly.2010-08-11,
https://api.github.com/repos/golang/go/commits/a1e382673082e7cd4c29967b9951dd5eb63eac86,weekly.2010-08-04,a1e382673082e7cd4c29967b9951dd5eb63eac86,https://api.github.com/repos/golang/go/tarball/weekly.2010-08-04,https://api.github.com/repos/golang/go/zipball/weekly.2010-08-04,
https://api.github.com/repos/golang/go/commits/b5d84bb0cf1c731a0e90a80eaa85f23bbc463220,weekly.2010-07-29,b5d84bb0cf1c731a0e90a80eaa85f23bbc463220,https://api.github.com/repos/golang/go/tarball/weekly.2010-07-29,https://api.github.com/repos/golang/go/zipball/weekly.2010-07-29,
https://api.github.com/repos/golang/go/commits/7317c10f5ea7a9d7216fc3e4a1e1c5c1bce6d6fa,weekly.2010-07-14,7317c10f5ea7a9d7216fc3e4a1e1c5c1bce6d6fa,https://api.github.com/repos/golang/go/tarball/weekly.2010-07-14,https://api.github.com/repos/golang/go/zipball/weekly.2010-07-14,
https://api.github.com/repos/golang/go/commits/4abbd32b5385e6e2ffe9d297eac636e68565f8d2,weekly.2010-07-01,4abbd32b5385e6e2ffe9d297eac636e68565f8d2,https://api.github.com/repos/golang/go/tarball/weekly.2010-07-01,https://api.github.com/repos/golang/go/zipball/weekly.2010-07-01,
https://api.github.com/repos/golang/go/commits/983353e79b1633e760f327dc6ceb283efaa44d63,weekly.2010-06-21,983353e79b1633e760f327dc6ceb283efaa44d63,https://api.github.com/repos/golang/go/tarball/weekly.2010-06-21,https://api.github.com/repos/golang/go/zipball/weekly.2010-06-21,
https://api.github.com/repos/golang/go/commits/61be33d3ae58572eb3f4c67acf0c9ee8c903f888,weekly.2010-06-09,61be33d3ae58572eb3f4c67acf0c9ee8c903f888,https://api.github.com/repos/golang/go/tarball/weekly.2010-06-09,https://api.github.com/repos/golang/go/zipball/weekly.2010-06-09,
https://api.github.com/repos/golang/go/commits/371bf8e61b7b8ef725f795be05f7ce4553433e98,weekly.2010-05-27,371bf8e61b7b8ef725f795be05f7ce4553433e98,https://api.github.com/repos/golang/go/tarball/weekly.2010-05-27,https://api.github.com/repos/golang/go/zipball/weekly.2010-05-27,
https://api.github.com/repos/golang/go/commits/174ca90b2cad59b1525e0db85ffe25aa3f8e75dc,weekly.2010-05-04,174ca90b2cad59b1525e0db85ffe25aa3f8e75dc,https://api.github.com/repos/golang/go/tarball/weekly.2010-05-04,https://api.github.com/repos/golang/go/zipball/weekly.2010-05-04,
https://api.github.com/repos/golang/go/commits/70ee7bff79d5731a36c187b94f041a50eea53b1c,weekly.2010-04-27,70ee7bff79d5731a36c187b94f041a50eea53b1c,https://api.github.com/repos/golang/go/tarball/weekly.2010-04-27,https://api.github.com/repos/golang/go/zipball/weekly.2010-04-27,
https://api.github.com/repos/golang/go/commits/6aad41919bd5317d3b9d0b9a963a2cd0ced012f9,weekly.2010-04-13,6aad41919bd5317d3b9d0b9a963a2cd0ced012f9,https://api.github.com/repos/golang/go/tarball/weekly.2010-04-13,https://api.github.com/repos/golang/go/zipball/weekly.2010-04-13,
https://api.github.com/repos/golang/go/commits/c2f3737cb01bf35991a775c14cd28e5a2d3a102e,weekly.2010-03-30,c2f3737cb01bf35991a775c14cd28e5a2d3a102e,https://api.github.com/repos/golang/go/tarball/weekly.2010-03-30,https://api.github.com/repos/golang/go/zipball/weekly.2010-03-30,
https://api.github.com/repos/golang/go/commits/a1723941e0a1e128e0a0b6ecde9a054214e55784,weekly.2010-03-22,a1723941e0a1e128e0a0b6ecde9a054214e55784,https://api.github.com/repos/golang/go/tarball/weekly.2010-03-22,https://api.github.com/repos/golang/go/zipball/weekly.2010-03-22,
https://api.github.com/repos/golang/go/commits/6f9272f5dd568377cfa1b2862de7e12096539089,weekly.2010-03-15,6f9272f5dd568377cfa1b2862de7e12096539089,https://api.github.com/repos/golang/go/tarball/weekly.2010-03-15,https://api.github.com/repos/golang/go/zipball/weekly.2010-03-15,
https://api.github.com/repos/golang/go/commits/baa65fd1066c867ee647fc5a19b6107fa0f91263,weekly.2010-03-04,baa65fd1066c867ee647fc5a19b6107fa0f91263,https://api.github.com/repos/golang/go/tarball/weekly.2010-03-04,https://api.github.com/repos/golang/go/zipball/weekly.2010-03-04,
https://api.github.com/repos/golang/go/commits/ef81b024b697a292a84e45288d03af2acbf5ff94,weekly.2010-02-23,ef81b024b697a292a84e45288d03af2acbf5ff94,https://api.github.com/repos/golang/go/tarball/weekly.2010-02-23,https://api.github.com/repos/golang/go/zipball/weekly.2010-02-23,
https://api.github.com/repos/golang/go/commits/d3a6cd4cd49172d5e0201b85923156137ff68963,weekly.2010-02-17,d3a6cd4cd49172d5e0201b85923156137ff68963,https://api.github.com/repos/golang/go/tarball/weekly.2010-02-17,https://api.github.com/repos/golang/go/zipball/weekly.2010-02-17,
https://api.github.com/repos/golang/go/commits/e6004b3de3d697d827591ef034931315fdbcecf6,weekly.2010-02-04,e6004b3de3d697d827591ef034931315fdbcecf6,https://api.github.com/repos/golang/go/tarball/weekly.2010-02-04,https://api.github.com/repos/golang/go/zipball/weekly.2010-02-04,
https://api.github.com/repos/golang/go/commits/492e13e3cde9bd3ee7d4aa6a3aa83c7c14738ec6,weekly.2010-01-27,492e13e3cde9bd3ee7d4aa6a3aa83c7c14738ec6,https://api.github.com/repos/golang/go/tarball/weekly.2010-01-27,https://api.github.com/repos/golang/go/zipball/weekly.2010-01-27,
https://api.github.com/repos/golang/go/commits/495936b58c343b12ac1bfa95859590e985751f0c,weekly.2010-01-13,495936b58c343b12ac1bfa95859590e985751f0c,https://api.github.com/repos/golang/go/tarball/weekly.2010-01-13,https://api.github.com/repos/golang/go/zipball/weekly.2010-01-13,
https://api.github.com/repos/golang/go/commits/fd974e096dcdba69ab24ca31bb47e6b639a7306b,weekly.2010-01-05,fd974e096dcdba69ab24ca31bb47e6b639a7306b,https://api.github.com/repos/golang/go/tarball/weekly.2010-01-05,https://api.github.com/repos/golang/go/zipball/weekly.2010-01-05,
https://api.github.com/repos/golang/go/commits/4551b00da36e0419251f718fe80cf72132fd6f7d,weekly.2009-12-22,4551b00da36e0419251f718fe80cf72132fd6f7d,https://api.github.com/repos/golang/go/tarball/weekly.2009-12-22,https://api.github.com/repos/golang/go/zipball/weekly.2009-12-22,
https://api.github.com/repos/golang/go/commits/5facb847703522e2d0716bf32500974aaf20fc20,weekly.2009-12-09,5facb847703522e2d0716bf32500974aaf20fc20,https://api.github.com/repos/golang/go/tarball/weekly.2009-12-09,https://api.github.com/repos/golang/go/zipball/weekly.2009-12-09,
https://api.github.com/repos/golang/go/commits/b73b43ea3165a52bb9c3d4263954800f4055f426,weekly.2009-12-07,b73b43ea3165a52bb9c3d4263954800f4055f426,https://api.github.com/repos/golang/go/tarball/weekly.2009-12-07,https://api.github.com/repos/golang/go/zipball/weekly.2009-12-07,
https://api.github.com/repos/golang/go/commits/a8ba40823c08508ca5f7562501a26bc2e85c88eb,weekly.2009-11-17,a8ba40823c08508ca5f7562501a26bc2e85c88eb,https://api.github.com/repos/golang/go/tarball/weekly.2009-11-17,https://api.github.com/repos/golang/go/zipball/weekly.2009-11-17,
https://api.github.com/repos/golang/go/commits/f3a97293b17133cd5529b3510bc9301798bf2167,weekly.2009-11-12,f3a97293b17133cd5529b3510bc9301798bf2167,https://api.github.com/repos/golang/go/tarball/weekly.2009-11-12,https://api.github.com/repos/golang/go/zipball/weekly.2009-11-12,
https://api.github.com/repos/golang/go/commits/c57054f7b49539ca4ed6533267c1c20c39aaaaa5,weekly.2009-11-10.1,c57054f7b49539ca4ed6533267c1c20c39aaaaa5,https://api.github.com/repos/golang/go/tarball/weekly.2009-11-10.1,https://api.github.com/repos/golang/go/zipball/weekly.2009-11-10.1,
https://api.github.com/repos/golang/go/commits/78c47c36b2984058c1bec0bd72e0b127b24fcd44,weekly.2009-11-10,78c47c36b2984058c1bec0bd72e0b127b24fcd44,https://api.github.com/repos/golang/go/tarball/weekly.2009-11-10,https://api.github.com/repos/golang/go/zipball/weekly.2009-11-10,
https://api.github.com/repos/golang/go/commits/9ad14c94db182dd3326e4c80053e0311f47700ce,weekly.2009-11-06,9ad14c94db182dd3326e4c80053e0311f47700ce,https://api.github.com/repos/golang/go/tarball/weekly.2009-11-06,https://api.github.com/repos/golang/go/zipball/weekly.2009-11-06,
https://api.github.com/repos/golang/go/commits/3895b5051df256b442d0b0af50debfffd8d75164,weekly,3895b5051df256b442d0b0af50debfffd8d75164,https://api.github.com/repos/golang/go/tarball/weekly,https://api.github.com/repos/golang/go/zipball/weekly,
https://api.github.com/repos/golang/go/commits/394b383a1ee0ac3fec5e453a7dbe590d3ce6d6b0,release.r60.3,394b383a1ee0ac3fec5e453a7dbe590d3ce6d6b0,https://api.github.com/repos/golang/go/tarball/release.r60.3,https://api.github.com/repos/golang/go/zipball/release.r60.3,
https://api.github.com/repos/golang/go/commits/6c4e7f4b681c12d7dbb2a229fb32636303dad781,release.r60.2,6c4e7f4b681c12d7dbb2a229fb32636303dad781,https://api.github.com/repos/golang/go/tarball/release.r60.2,https://api.github.com/repos/golang/go/zipball/release.r60.2,
https://api.github.com/repos/golang/go/commits/4af7136fcf874e212d66c72178a68db969918b25,release.r60.1,4af7136fcf874e212d66c72178a68db969918b25,https://api.github.com/repos/golang/go/tarball/release.r60.1,https://api.github.com/repos/golang/go/zipball/release.r60.1,
https://api.github.com/repos/golang/go/commits/5464bfebe723752dfc09a6dd6b361b8e79db5995,release.r60,5464bfebe723752dfc09a6dd6b361b8e79db5995,https://api.github.com/repos/golang/go/tarball/release.r60,https://api.github.com/repos/golang/go/zipball/release.r60,
https://api.github.com/repos/golang/go/commits/5d9765785dff74784bbdad43f7847b6825509032,release.r59,5d9765785dff74784bbdad43f7847b6825509032,https://api.github.com/repos/golang/go/tarball/release.r59,https://api.github.com/repos/golang/go/zipball/release.r59,
https://api.github.com/repos/golang/go/commits/0584eb2e7779d5bf699702d06acb686cd08bddd2,release.r58.2,0584eb2e7779d5bf699702d06acb686cd08bddd2,https://api.github.com/repos/golang/go/tarball/release.r58.2,https://api.github.com/repos/golang/go/zipball/release.r58.2,
https://api.github.com/repos/golang/go/commits/adfa87c5d754252f2bf428b38560de3d630dbe9d,release.r58.1,adfa87c5d754252f2bf428b38560de3d630dbe9d,https://api.github.com/repos/golang/go/tarball/release.r58.1,https://api.github.com/repos/golang/go/zipball/release.r58.1,
https://api.github.com/repos/golang/go/commits/fb10bce0c27cf06dc449d8e58ad6ec5dc276b929,release.r58,fb10bce0c27cf06dc449d8e58ad6ec5dc276b929,https://api.github.com/repos/golang/go/tarball/release.r58,https://api.github.com/repos/golang/go/zipball/release.r58,
https://api.github.com/repos/golang/go/commits/7998d012b9823d6938dbaac929a839776b093fe4,release.r57.2,7998d012b9823d6938dbaac929a839776b093fe4,https://api.github.com/repos/golang/go/tarball/release.r57.2,https://api.github.com/repos/golang/go/zipball/release.r57.2,
https://api.github.com/repos/golang/go/commits/16b4a007de329b96411be1597ea70f805b6adbe7,release.r57.1,16b4a007de329b96411be1597ea70f805b6adbe7,https://api.github.com/repos/golang/go/tarball/release.r57.1,https://api.github.com/repos/golang/go/zipball/release.r57.1,
https://api.github.com/repos/golang/go/commits/ca2cb382ba89d1a1534f71ec2218a23659e3d491,release.r57,ca2cb382ba89d1a1534f71ec2218a23659e3d491,https://api.github.com/repos/golang/go/tarball/release.r57,https://api.github.com/repos/golang/go/zipball/release.r57,
https://api.github.com/repos/golang/go/commits/251cdc917de92a6e710fb1bc8d3230c241d00577,release.r56,251cdc917de92a6e710fb1bc8d3230c241d00577,https://api.github.com/repos/golang/go/tarball/release.r56,https://api.github.com/repos/golang/go/zipball/release.r56,
https://api.github.com/repos/golang/go/commits/a4c18f063b6659079ca2848ca217a0587dabc001,go1.8.1,a4c18f063b6659079ca2848ca217a0587dabc001,https://api.github.com/repos/golang/go/tarball/go1.8.1,https://api.github.com/repos/golang/go/zipball/go1.8.1,
https://api.github.com/repos/golang/go/commits/cd6b6202dd1559b3ac63179b45f1833fcfbe7eca,go1.8,cd6b6202dd1559b3ac63179b45f1833fcfbe7eca,https://api.github.com/repos/golang/go/tarball/go1.8,https://api.github.com/repos/golang/go/zipball/go1.8,
https://api.github.com/repos/golang/go/commits/2a5f65a98ca483aad2dd74dc2636a7baecc59cf2,go1.8rc3,2a5f65a98ca483aad2dd74dc2636a7baecc59cf2,https://api.github.com/repos/golang/go/tarball/go1.8rc3,https://api.github.com/repos/golang/go/zipball/go1.8rc3,
https://api.github.com/repos/golang/go/commits/59f181b6fda68ece22882945853ca2df9dbf1c88,go1.8rc2,59f181b6fda68ece22882945853ca2df9dbf1c88,https://api.github.com/repos/golang/go/tarball/go1.8rc2,https://api.github.com/repos/golang/go/zipball/go1.8rc2,
https://api.github.com/repos/golang/go/commits/3de6e96e4b8147f5267a2e8218a7c780b09a434f,go1.8rc1,3de6e96e4b8147f5267a2e8218a7c780b09a434f,https://api.github.com/repos/golang/go/tarball/go1.8rc1,https://api.github.com/repos/golang/go/zipball/go1.8rc1,
https://api.github.com/repos/golang/go/commits/9cd3c0662aa63eea8e7fae80f558fda9d646ba98,go1.8beta2,9cd3c0662aa63eea8e7fae80f558fda9d646ba98,https://api.github.com/repos/golang/go/tarball/go1.8beta2,https://api.github.com/repos/golang/go/zipball/go1.8beta2,
https://api.github.com/repos/golang/go/commits/41908a54530120b68a79e0fd22b5e709d33cced0,go1.8beta1,41908a54530120b68a79e0fd22b5e709d33cced0,https://api.github.com/repos/golang/go/tarball/go1.8beta1,https://api.github.com/repos/golang/go/zipball/go1.8beta1,
https://api.github.com/repos/golang/go/commits/753452fac6f6963b5a6e38a239b05362385a3842,go1.7.5,753452fac6f6963b5a6e38a239b05362385a3842,https://api.github.com/repos/golang/go/tarball/go1.7.5,https://api.github.com/repos/golang/go/zipball/go1.7.5,
https://api.github.com/repos/golang/go/commits/6b36535cf382bce845dd2d272276e7ba350b0c6b,go1.7.4,6b36535cf382bce845dd2d272276e7ba350b0c6b,https://api.github.com/repos/golang/go/tarball/go1.7.4,https://api.github.com/repos/golang/go/zipball/go1.7.4,
https://api.github.com/repos/golang/go/commits/2f6557233c5a5c311547144c34b4045640ff9f71,go1.7.3,2f6557233c5a5c311547144c34b4045640ff9f71,https://api.github.com/repos/golang/go/tarball/go1.7.3,https://api.github.com/repos/golang/go/zipball/go1.7.3,
https://api.github.com/repos/golang/go/commits/edecc650ec95ac1a96d2312980e18d959f89835e,go1.7.2,edecc650ec95ac1a96d2312980e18d959f89835e,https://api.github.com/repos/golang/go/tarball/go1.7.2,https://api.github.com/repos/golang/go/zipball/go1.7.2,
https://api.github.com/repos/golang/go/commits/f75aafdf56dd90eab75cfeac8cf69358f73ba171,go1.7.1,f75aafdf56dd90eab75cfeac8cf69358f73ba171,https://api.github.com/repos/golang/go/tarball/go1.7.1,https://api.github.com/repos/golang/go/zipball/go1.7.1,
https://api.github.com/repos/golang/go/commits/0d818588685976407c81c60d2fda289361cbc8ec,go1.7,0d818588685976407c81c60d2fda289361cbc8ec,https://api.github.com/repos/golang/go/tarball/go1.7,https://api.github.com/repos/golang/go/zipball/go1.7,
https://api.github.com/repos/golang/go/commits/1e933ed7c091bd8e077ffd123234af10a69e3978,go1.7rc6,1e933ed7c091bd8e077ffd123234af10a69e3978,https://api.github.com/repos/golang/go/tarball/go1.7rc6,https://api.github.com/repos/golang/go/zipball/go1.7rc6,
https://api.github.com/repos/golang/go/commits/09fc3cc5df6b37b62a219bd4cacd8898a2328b76,go1.7rc5,09fc3cc5df6b37b62a219bd4cacd8898a2328b76,https://api.github.com/repos/golang/go/tarball/go1.7rc5,https://api.github.com/repos/golang/go/zipball/go1.7rc5,
https://api.github.com/repos/golang/go/commits/c628d83ec5309cd679e16c734456fed1b9a85806,go1.7rc4,c628d83ec5309cd679e16c734456fed1b9a85806,https://api.github.com/repos/golang/go/tarball/go1.7rc4,https://api.github.com/repos/golang/go/zipball/go1.7rc4,
https://api.github.com/repos/golang/go/commits/8707f31c0abc6b607014e843b7cc188b3019daa9,go1.7rc3,8707f31c0abc6b607014e843b7cc188b3019daa9,https://api.github.com/repos/golang/go/tarball/go1.7rc3,https://api.github.com/repos/golang/go/zipball/go1.7rc3,
https://api.github.com/repos/golang/go/commits/0ebf6ce087388cdd501a02ff92f2f8cafc3e1378,go1.7rc2,0ebf6ce087388cdd501a02ff92f2f8cafc3e1378,https://api.github.com/repos/golang/go/tarball/go1.7rc2,https://api.github.com/repos/golang/go/zipball/go1.7rc2,
https://api.github.com/repos/golang/go/commits/53da5fd4d431881bb3583c9790db7735a6530a1b,go1.7rc1,53da5fd4d431881bb3583c9790db7735a6530a1b,https://api.github.com/repos/golang/go/tarball/go1.7rc1,https://api.github.com/repos/golang/go/zipball/go1.7rc1,
https://api.github.com/repos/golang/go/commits/fca9fc52c831ab6af56e30f8c48062a99ded2580,go1.7beta2,fca9fc52c831ab6af56e30f8c48062a99ded2580,https://api.github.com/repos/golang/go/tarball/go1.7beta2,https://api.github.com/repos/golang/go/zipball/go1.7beta2,
https://api.github.com/repos/golang/go/commits/3c6b6684ce21c1092ba208a0f1744ad7c930248a,go1.7beta1,3c6b6684ce21c1092ba208a0f1744ad7c930248a,https://api.github.com/repos/golang/go/tarball/go1.7beta1,https://api.github.com/repos/golang/go/zipball/go1.7beta1,
https://api.github.com/repos/golang/go/commits/aa1e69f3fc21795b6fab531a07008e0744ffe5bf,go1.6.4,aa1e69f3fc21795b6fab531a07008e0744ffe5bf,https://api.github.com/repos/golang/go/tarball/go1.6.4,https://api.github.com/repos/golang/go/zipball/go1.6.4,
https://api.github.com/repos/golang/go/commits/da6b9ec7bf1722fa00196e1eadc10a29156b6b28,go1.6.3,da6b9ec7bf1722fa00196e1eadc10a29156b6b28,https://api.github.com/repos/golang/go/tarball/go1.6.3,https://api.github.com/repos/golang/go/zipball/go1.6.3,
https://api.github.com/repos/golang/go/commits/57e459e02b4b01567f92542f92cd9afde209e193,go1.6.2,57e459e02b4b01567f92542f92cd9afde209e193,https://api.github.com/repos/golang/go/tarball/go1.6.2,https://api.github.com/repos/golang/go/zipball/go1.6.2,
https://api.github.com/repos/golang/go/commits/f5cf5673590a68c55b2330df9dfcdd6fac75b893,go1.6.1,f5cf5673590a68c55b2330df9dfcdd6fac75b893,https://api.github.com/repos/golang/go/tarball/go1.6.1,https://api.github.com/repos/golang/go/zipball/go1.6.1,
https://api.github.com/repos/golang/go/commits/7bc40ffb05d8813bf9b41a331b45d37216f9e747,go1.6,7bc40ffb05d8813bf9b41a331b45d37216f9e747,https://api.github.com/repos/golang/go/tarball/go1.6,https://api.github.com/repos/golang/go/zipball/go1.6,
https://api.github.com/repos/golang/go/commits/5d343bdfb140970cc37f099064226d104ca6d817,go1.6rc2,5d343bdfb140970cc37f099064226d104ca6d817,https://api.github.com/repos/golang/go/tarball/go1.6rc2,https://api.github.com/repos/golang/go/zipball/go1.6rc2,
https://api.github.com/repos/golang/go/commits/036b8fd40b60830ca1d152f17148e52b96d8aa6c,go1.6rc1,036b8fd40b60830ca1d152f17148e52b96d8aa6c,https://api.github.com/repos/golang/go/tarball/go1.6rc1,https://api.github.com/repos/golang/go/zipball/go1.6rc1,
https://api.github.com/repos/golang/go/commits/66330d8c6c0a23b7eb48688f9954264e48b039da,go1.6beta2,66330d8c6c0a23b7eb48688f9954264e48b039da,https://api.github.com/repos/golang/go/tarball/go1.6beta2,https://api.github.com/repos/golang/go/zipball/go1.6beta2,
https://api.github.com/repos/golang/go/commits/8db371b3d58a1c139f0854738f9962de05ca5d7a,go1.6beta1,8db371b3d58a1c139f0854738f9962de05ca5d7a,https://api.github.com/repos/golang/go/tarball/go1.6beta1,https://api.github.com/repos/golang/go/zipball/go1.6beta1,
https://api.github.com/repos/golang/go/commits/a1ef950a15517bca223d079a6cf65948c3db9694,go1.5.4,a1ef950a15517bca223d079a6cf65948c3db9694,https://api.github.com/repos/golang/go/tarball/go1.5.4,https://api.github.com/repos/golang/go/zipball/go1.5.4,
https://api.github.com/repos/golang/go/commits/27d5c0ede5b4411089f4bf52a41dd2f4eed36123,go1.5.3,27d5c0ede5b4411089f4bf52a41dd2f4eed36123,https://api.github.com/repos/golang/go/tarball/go1.5.3,https://api.github.com/repos/golang/go/zipball/go1.5.3,
https://api.github.com/repos/golang/go/commits/40cbf58f960a8f5287d2c3a93b3ca6119df67e85,go1.5.2,40cbf58f960a8f5287d2c3a93b3ca6119df67e85,https://api.github.com/repos/golang/go/tarball/go1.5.2,https://api.github.com/repos/golang/go/zipball/go1.5.2,
https://api.github.com/repos/golang/go/commits/f2e4c8b5fb3660d793b2c545ef207153db0a34b1,go1.5.1,f2e4c8b5fb3660d793b2c545ef207153db0a34b1,https://api.github.com/repos/golang/go/tarball/go1.5.1,https://api.github.com/repos/golang/go/zipball/go1.5.1,
https://api.github.com/repos/golang/go/commits/bb03defe933c89fee44be675d7aa0fbd893ced30,go1.5,bb03defe933c89fee44be675d7aa0fbd893ced30,https://api.github.com/repos/golang/go/tarball/go1.5,https://api.github.com/repos/golang/go/zipball/go1.5,
https://api.github.com/repos/golang/go/commits/0d20a61e68ba22fb416fe2aa8b6532026822bad0,go1.5rc1,0d20a61e68ba22fb416fe2aa8b6532026822bad0,https://api.github.com/repos/golang/go/tarball/go1.5rc1,https://api.github.com/repos/golang/go/zipball/go1.5rc1,
https://api.github.com/repos/golang/go/commits/d3ffc975f38890abbd8ca3f7833772e6423297e8,go1.5beta3,d3ffc975f38890abbd8ca3f7833772e6423297e8,https://api.github.com/repos/golang/go/tarball/go1.5beta3,https://api.github.com/repos/golang/go/zipball/go1.5beta3,
https://api.github.com/repos/golang/go/commits/cc8f5441980a8c2f9e6c8ec3222985ed488e76ba,go1.5beta2,cc8f5441980a8c2f9e6c8ec3222985ed488e76ba,https://api.github.com/repos/golang/go/tarball/go1.5beta2,https://api.github.com/repos/golang/go/zipball/go1.5beta2,
https://api.github.com/repos/golang/go/commits/b6ead9f171742cd5b519a22ecc690354b0d1ce27,go1.5beta1,b6ead9f171742cd5b519a22ecc690354b0d1ce27,https://api.github.com/repos/golang/go/tarball/go1.5beta1,https://api.github.com/repos/golang/go/zipball/go1.5beta1,
https://api.github.com/repos/golang/go/commits/50eb39bb23e8b03e823c38e844f0410d0b5325d2,go1.4.3,50eb39bb23e8b03e823c38e844f0410d0b5325d2,https://api.github.com/repos/golang/go/tarball/go1.4.3,https://api.github.com/repos/golang/go/zipball/go1.4.3,
https://api.github.com/repos/golang/go/commits/883bc6ed0ea815293fe6309d66f967ea60630e87,go1.4.2,883bc6ed0ea815293fe6309d66f967ea60630e87,https://api.github.com/repos/golang/go/tarball/go1.4.2,https://api.github.com/repos/golang/go/zipball/go1.4.2,
https://api.github.com/repos/golang/go/commits/886b02d705ffb1be8b4974ac4c355d480a24e3ec,go1.4.1,886b02d705ffb1be8b4974ac4c355d480a24e3ec,https://api.github.com/repos/golang/go/tarball/go1.4.1,https://api.github.com/repos/golang/go/zipball/go1.4.1,
https://api.github.com/repos/golang/go/commits/c303df658d43b9f3e98e56e646f8e84a83495991,go1.4,c303df658d43b9f3e98e56e646f8e84a83495991,https://api.github.com/repos/golang/go/tarball/go1.4,https://api.github.com/repos/golang/go/zipball/go1.4,
https://api.github.com/repos/golang/go/commits/3d344611770d03a9d2f822216074edd83af67677,go1.4rc2,3d344611770d03a9d2f822216074edd83af67677,https://api.github.com/repos/golang/go/tarball/go1.4rc2,https://api.github.com/repos/golang/go/zipball/go1.4rc2,
https://api.github.com/repos/golang/go/commits/30ef146819d031ccd875de806c4edad66366d4bc,go1.4rc1,30ef146819d031ccd875de806c4edad66366d4bc,https://api.github.com/repos/golang/go/tarball/go1.4rc1,https://api.github.com/repos/golang/go/zipball/go1.4rc1,
https://api.github.com/repos/golang/go/commits/ca230d2d6ffeaef0be2f58fd46ba6ed34a8dbf46,go1.4beta1,ca230d2d6ffeaef0be2f58fd46ba6ed34a8dbf46,https://api.github.com/repos/golang/go/tarball/go1.4beta1,https://api.github.com/repos/golang/go/zipball/go1.4beta1,
https://api.github.com/repos/golang/go/commits/3dbc53ae6ad4e3b93f31d35d98b38f6dda25f4ee,go1.3.3,3dbc53ae6ad4e3b93f31d35d98b38f6dda25f4ee,https://api.github.com/repos/golang/go/tarball/go1.3.3,https://api.github.com/repos/golang/go/zipball/go1.3.3,
https://api.github.com/repos/golang/go/commits/f3c81ed821268e2f2e2945b0816f495809bbdf21,go1.3.2,f3c81ed821268e2f2e2945b0816f495809bbdf21,https://api.github.com/repos/golang/go/tarball/go1.3.2,https://api.github.com/repos/golang/go/zipball/go1.3.2,
https://api.github.com/repos/golang/go/commits/1657de2d6dbb020e15908668f209f3be7dcef151,go1.3.1,1657de2d6dbb020e15908668f209f3be7dcef151,https://api.github.com/repos/golang/go/tarball/go1.3.1,https://api.github.com/repos/golang/go/zipball/go1.3.1,
https://api.github.com/repos/golang/go/commits/1cdd48c8a276cef9e3e20b7350d13556b6c96a71,go1.3,1cdd48c8a276cef9e3e20b7350d13556b6c96a71,https://api.github.com/repos/golang/go/tarball/go1.3,https://api.github.com/repos/golang/go/zipball/go1.3,
https://api.github.com/repos/golang/go/commits/2a3daa8bdd5bd06808c51cb4f2921655f70d7617,go1.3rc2,2a3daa8bdd5bd06808c51cb4f2921655f70d7617,https://api.github.com/repos/golang/go/tarball/go1.3rc2,https://api.github.com/repos/golang/go/zipball/go1.3rc2,
https://api.github.com/repos/golang/go/commits/a5565ec7d9c04843bc91c06a0d5a652716ee75a7,go1.3rc1,a5565ec7d9c04843bc91c06a0d5a652716ee75a7,https://api.github.com/repos/golang/go/tarball/go1.3rc1,https://api.github.com/repos/golang/go/zipball/go1.3rc1,
https://api.github.com/repos/golang/go/commits/c00043b5d8bd53130bddb5ef1e88643dccc4586f,go1.3beta2,c00043b5d8bd53130bddb5ef1e88643dccc4586f,https://api.github.com/repos/golang/go/tarball/go1.3beta2,https://api.github.com/repos/golang/go/zipball/go1.3beta2,
https://api.github.com/repos/golang/go/commits/7ff8e90eb7ceb2016aa9fc736febd8a5902ec65e,go1.3beta1,7ff8e90eb7ceb2016aa9fc736febd8a5902ec65e,https://api.github.com/repos/golang/go/tarball/go1.3beta1,https://api.github.com/repos/golang/go/zipball/go1.3beta1,
https://api.github.com/repos/golang/go/commits/43d00b0942c1c6f43993ac71e1eea48e62e22b8d,go1.2.2,43d00b0942c1c6f43993ac71e1eea48e62e22b8d,https://api.github.com/repos/golang/go/tarball/go1.2.2,https://api.github.com/repos/golang/go/zipball/go1.2.2,
https://api.github.com/repos/golang/go/commits/9c9802fad57c1bcb72ea98c5c55ea2652efc5772,go1.2.1,9c9802fad57c1bcb72ea98c5c55ea2652efc5772,https://api.github.com/repos/golang/go/tarball/go1.2.1,https://api.github.com/repos/golang/go/zipball/go1.2.1,
https://api.github.com/repos/golang/go/commits/402d3590b54e4a0df9fb51ed14b2999e85ce0b76,go1.2,402d3590b54e4a0df9fb51ed14b2999e85ce0b76,https://api.github.com/repos/golang/go/tarball/go1.2,https://api.github.com/repos/golang/go/zipball/go1.2,
https://api.github.com/repos/golang/go/commits/4abdb873be5c4bbd1e0edec56f992b201d8e0e68,go1.2rc5,4abdb873be5c4bbd1e0edec56f992b201d8e0e68,https://api.github.com/repos/golang/go/tarball/go1.2rc5,https://api.github.com/repos/golang/go/zipball/go1.2rc5,
https://api.github.com/repos/golang/go/commits/a5940dddba6e7995c6f7e4b4d11df17609c247be,go1.2rc4,a5940dddba6e7995c6f7e4b4d11df17609c247be,https://api.github.com/repos/golang/go/tarball/go1.2rc4,https://api.github.com/repos/golang/go/zipball/go1.2rc4,
https://api.github.com/repos/golang/go/commits/2eb51b1ba8cbf593124ab95e2ea9efb5d3ddf21e,go1.2rc3,2eb51b1ba8cbf593124ab95e2ea9efb5d3ddf21e,https://api.github.com/repos/golang/go/tarball/go1.2rc3,https://api.github.com/repos/golang/go/zipball/go1.2rc3,
https://api.github.com/repos/golang/go/commits/309e16554aab1686c5bb744cababfbaa2d83db4d,go1.2rc2,309e16554aab1686c5bb744cababfbaa2d83db4d,https://api.github.com/repos/golang/go/tarball/go1.2rc2,https://api.github.com/repos/golang/go/zipball/go1.2rc2,
https://api.github.com/repos/golang/go/commits/1d6d8fca241bb611af51e265c1b5a2e9ae904702,go1.1.2,1d6d8fca241bb611af51e265c1b5a2e9ae904702,https://api.github.com/repos/golang/go/tarball/go1.1.2,https://api.github.com/repos/golang/go/zipball/go1.1.2,
https://api.github.com/repos/golang/go/commits/d260448f6b6ac10efe4ae7f6dfe944e72bc2a676,go1.1.1,d260448f6b6ac10efe4ae7f6dfe944e72bc2a676,https://api.github.com/repos/golang/go/tarball/go1.1.1,https://api.github.com/repos/golang/go/zipball/go1.1.1,
https://api.github.com/repos/golang/go/commits/205f850ceacfc39d1e9d76a9569416284594ce8c,go1.1,205f850ceacfc39d1e9d76a9569416284594ce8c,https://api.github.com/repos/golang/go/tarball/go1.1,https://api.github.com/repos/golang/go/zipball/go1.1,
https://api.github.com/repos/golang/go/commits/46a6097aa7943a490e9bd2e04274845d0e5e200f,go1.1rc3,46a6097aa7943a490e9bd2e04274845d0e5e200f,https://api.github.com/repos/golang/go/tarball/go1.1rc3,https://api.github.com/repos/golang/go/zipball/go1.1rc3,
https://api.github.com/repos/golang/go/commits/1c5438aae896edcd1e9f9618f4776517f08053b3,go1.1rc2,1c5438aae896edcd1e9f9618f4776517f08053b3,https://api.github.com/repos/golang/go/tarball/go1.1rc2,https://api.github.com/repos/golang/go/zipball/go1.1rc2,
https://api.github.com/repos/golang/go/commits/30be9b4313622c2077539e68826194cb1028c691,go1.0.3,30be9b4313622c2077539e68826194cb1028c691,https://api.github.com/repos/golang/go/tarball/go1.0.3,https://api.github.com/repos/golang/go/zipball/go1.0.3,
https://api.github.com/repos/golang/go/commits/cb6c6570b73a1c4d19cad94570ed277f7dae55ac,go1.0.2,cb6c6570b73a1c4d19cad94570ed277f7dae55ac,https://api.github.com/repos/golang/go/tarball/go1.0.2,https://api.github.com/repos/golang/go/zipball/go1.0.2,
https://api.github.com/repos/golang/go/commits/2fffba7fe19690e038314d17a117d6b87979c89f,go1.0.1,2fffba7fe19690e038314d17a117d6b87979c89f,https://api.github.com/repos/golang/go/tarball/go1.0.1,https://api.github.com/repos/golang/go/zipball/go1.0.1,
https://api.github.com/repos/golang/go/commits/6174b5e21e73714c63061e66efdbe180e1c5491d,go1,6174b5e21e73714c63061e66efdbe180e1c5491d,https://api.github.com/repos/golang/go/tarball/go1,https://api.github.com/repos/golang/go/zipball/go1,
